allow_customer_reviews,attribute_1_global,attribute_1_name,attribute_1_values,attribute_1_visible,attribute_2_global,attribute_2_name,attribute_2_values,attribute_2_visible,backorders_allowed,button_text,categories,cross_sells,currency,date_sale_price_ends,date_sale_price_starts,description,download_1_URL,download_1_name,download_2_URL,download_2_name,download_expiry_days,download_limit,external_URL,grouped_products,height,images,in_stock,is_featured,length,meta__wpcom_is_markdown,name,parent,position,published,purchase_note,regular_price,sale_price,shipping_class,short_description,sku,sold_individually,stock,tags,tax_class,tax_status,upsells,url,visibility_in_catalog,weight,width
,,Kleur,"donkerblauw, okergeel",,,,,,,,Home > Tassen,,EUR,,,Mooi notitieboek uit Istanbul Prachtige kwaliteit afmetingen: 14x20cm,,,,,,,,,,https://static.itijara.eu/5521-large_default/notitieboekje-istanbul.jpg,,,,,Notitieboekje Istanbul,,,1,,"9,95",7.96,,None,197,,,,,,,https://www.libasi.nl/tassen/3073-1280-notitieboekje-istanbul.html#/197-kleur-okergeel,,,
,,None,,,,,,,,,Home > Tassen,,EUR,,,,,,,,,,,,,https://static.itijara.eu/4636-large_default/feesttasje-9.jpg,,,,,feesttasje 9,,,1,,None,15.95,,Mooi handtasje uit Istanbul,2709,,,,,,,https://www.libasi.nl/tassen/2709-feesttasje-9.html,,,
,,None,,,,,,,,,Home > Tassen,,EUR,,,,,,,,,,,,,"https://static.itijara.eu/5108-medium_default/schoudertas-1.jpg,https://static.itijara.eu/5109-medium_default/schoudertas-1.jpg,https://static.itijara.eu/5110-medium_default/schoudertas-1.jpg,https://static.itijara.eu/5108-large_default/schoudertas-1.jpg,https://static.itijara.eu/5109-large_default/schoudertas-1.jpg,https://static.itijara.eu/5110-large_default/schoudertas-1.jpg",,,,,Schoudertas 1,,,1,,"22,95",20.66,,Mooie schoudertas uit Istanbul,2927,,,,,,,https://www.libasi.nl/tassen/2927-schoudertas-1.html,,,
,,Kleur,"Zwart, Creme",,,,,,,,Home > Tassen,,EUR,,,Mooi handtasje uit Istanbul Prachtige kwaliteit afmetingen: 35x31cm,,,,,,,,,,https://static.itijara.eu/5514-large_default/handtas-10.jpg,,,,,Handtas 10,,,1,,"24,95",19.96,,None,158,,,,,,,https://www.libasi.nl/tassen/3071-1274-handtas-10.html#/158-kleur-zwart,,,
,,Kleur,"Zwart, donkerblauw, lichtroze, Roze, Creme",,,,,,,,Home > Tassen,,EUR,,,Mooi portemonnee uit Istanbul Prachtige kwaliteit afmetingen: 19x10cm,,,,,,,,,,https://static.itijara.eu/5516-large_default/portemonnee.jpg,1,,,,Portemonnee,,,1,,"12,95",6.48,,None,158,,,,,,,https://www.libasi.nl/tassen/3072-1279-portemonnee.html#/158-kleur-zwart,,,
,,Kleur,"Zwart, marineblauw, Bruin, Creme",,,,,,,,Home > Tassen,,EUR,,,Mooi handtasje uit Istanbul Prachtige kwaliteit afmetingen: 12 x 18 cm,,,,,,,,,,https://static.itijara.eu/5512-large_default/schoudertas-8.jpg,,,,,Schoudertas 8,,,1,,"22,95",20.66,,None,158,,,,,,,https://www.libasi.nl/tassen/3070-1271-schoudertas-8.html#/158-kleur-zwart,,,
,,Kleur,"Zwart, zand, Creme",,,,,,,,Home > Tassen,,EUR,,,Mooi handtasje uit Istanbul Prachtige kwaliteit afmetingen: 27x30cm,,,,,,,,,,https://static.itijara.eu/5507-large_default/handtas-7.jpg,,,,,Handtas 7,,,1,,"14,95",13.46,,None,158,,,,,,,https://www.libasi.nl/tassen/3069-1268-handtas-7.html#/158-kleur-zwart,,,
,,Kleur,"Zwart, donkergrijs, marineblauw, Bruin, Creme",,,,,,,,Home > Tassen,,EUR,,,,,,,,,,,,,https://static.itijara.eu/img/p/nl-default-large_default.jpg,,,,,Handtas 1,,,1,,"24,95",22.46,,None,158,,,,,,,https://www.libasi.nl/tassen/3067-1263-handtas-1.html#/158-kleur-zwart,,,
,,Kleur,donkergrijs,,,,,,,,Home > Tassen,,EUR,,,Mooie schoudertas uit Istanbul Prachtige kwaliteit afmetingen: 21x18cm,,,,,,,,,,https://static.itijara.eu/5503-large_default/schoudertas-4.jpg,,,,,Schoudertas 4,,,1,,"22,95",20.66,,None,160,,,,,,,https://www.libasi.nl/tassen/3066-1258-schoudertas-4.html#/160-kleur-donkergrijs,,,
,,Kleur,"Zwart, marineblauw",,,,,,,,Home > Tassen,,EUR,,,Mooie schoudertas uit Istanbul Prachtige kwaliteit afmetingen: 18x13cm Op de foto zie je de donkerblauwe (de blauw is erg donker) versie met een donkerbruine rand. De zwarte versie heeft in plaats van een donkerbruine rand een rode glitter rand.,,,,,,,,,,https://static.itijara.eu/5502-large_default/schoudertas-3.jpg,1,,,,Schoudertas 3,,,1,,"22,95",20.66,,None,158,,,,,,,https://www.libasi.nl/tassen/3065-1256-schoudertas-3.html#/158-kleur-zwart,,,
,,Kleur,"donkergrijs, marineblauw, zand, Bruin",,,,,,,,Home > Tassen,,EUR,,,Mooie schoudertas uit Istanbul Prachtige kwaliteit afmetingen: 25x23cm,,,,,,,,,,"https://static.itijara.eu/5498-medium_default/schoudertas-2.jpg,https://static.itijara.eu/5500-medium_default/schoudertas-2.jpg,https://static.itijara.eu/5501-medium_default/schoudertas-2.jpg,https://static.itijara.eu/5498-large_default/schoudertas-2.jpg,https://static.itijara.eu/5500-large_default/schoudertas-2.jpg,https://static.itijara.eu/5501-large_default/schoudertas-2.jpg",1,,,,Schoudertas 2,,,1,,"24,95",22.46,,None,194,,,,,,,https://www.libasi.nl/tassen/3064-1246-schoudertas-2.html#/194-kleur-zand,,,
,,Kleur,"Zwart, donkerpaars, oudroze, Donkertaupe",,,,,,,,Home > Kinderkleding,,EUR,,,,,,,,,,,,,https://static.itijara.eu/1573-large_default/kinder-jilbab.jpg,,,,,Kinder Jilbab,,,1,,None,15,,Mooie luchtige abaya voor kinderen.,511,,,"kinderen,
                ,abaya,
                ,zomer,
                ,soepel,
                ",,,,https://www.libasi.nl/kinderkleding/854-2696-kinder-jilbab.html#/158-kleur-zwart/511-kindermaten-6_7,,,
,,kindermaten (leeftijd),"6, 8, 4",,,,,,,,Home > Kinderkleding,,EUR,,,,,,,,,,,,,https://static.itijara.eu/10218-large_default/marokkaanse-kinder-jurkje-sfifa.jpg,,,,,Marokkaanse Kinder Jurkje Sfifa,,,1,,None,9.95,,None,493,,,,,,,https://www.libasi.nl/kinderkleding/5983-2618-marokkaanse-kinder-jurkje-sfifa.html#/493-kindermaten-6,,,
,,Kleur,"Zwart, Donkergrasgroen, marineblauw, Wit, lichtbruin, Taupe, Roze, Creme, Donkeroranje, Middengrijs",,,,,,,,Home > Hijab & hijab accessoires > Instant & Amira,,EUR,,,,,,,,,,,,,https://static.itijara.eu/1645-large_default/kinder-hoofddoek.jpg,1,,,,Kinder Hoofddoek,,,1,,None,2.95,,None,158,,,,,,,https://www.libasi.nl/instant-amira/884-546-kinder-hoofddoek.html#/158-kleur-zwart,,,
,,None,,,,,,,,,Home > Kinderkleding,,EUR,,,,,,,,,,,,,"https://static.itijara.eu/7348-medium_default/baby-slofjes-i-love-abi.jpg,https://static.itijara.eu/7349-medium_default/baby-slofjes-i-love-abi.jpg,https://static.itijara.eu/7350-medium_default/baby-slofjes-i-love-abi.jpg,https://static.itijara.eu/7351-medium_default/baby-slofjes-i-love-abi.jpg,https://static.itijara.eu/7348-large_default/baby-slofjes-i-love-abi.jpg,https://static.itijara.eu/7349-large_default/baby-slofjes-i-love-abi.jpg,https://static.itijara.eu/7350-large_default/baby-slofjes-i-love-abi.jpg",,,,,Baby slofjes I love Abi,,,1,,None,3.95,,Babyslofjes met Arabische tekst 'I love Abi',4218,,,,,,,https://www.libasi.nl/kinderkleding/4218-baby-slofjes-i-love-abi.html,,,
,,Kleur,"Zwart, donkerblauw, lichtgrijs, donkerbruin, Donkergrasgroen, bordeauxrood, Donkerstaalblauw, Taupe, Antraciet, Roze",,,,,,,,Home > Abaya > Gebedskleding,,EUR,,,,,,,,,,,,,https://static.itijara.eu/10214-large_default/gebedskleding.jpg,,,,,Gebedskleding,,,1,,None,12.5,,gebedskleding van zachte soepele stof. Bestaande uit een rok en een ghimaar.,199,,,"gebed,
                ,ghimaar,
                ,gebedskleding,
                ",,,,https://www.libasi.nl/gebedskleding/850-2614-gebedskleding.html#/199-kleur-antraciet,,,
,,Kleur,"Zwart, mintgroen, Roze, DonkerPetrol",,,,,,,,Home > Kinderkleding,,EUR,,,Kinder tweedelig jilbab bestaande uit een rok en ghimaar met mouwtjes.,,,,,,,,,,https://static.itijara.eu/5748-large_default/jilbab-kinder.jpg,1,,,,Jilbab Kinder,,,1,,None,12.5,,None,193,,,,,,,https://www.libasi.nl/kinderkleding/3239-2174-jilbab-kinder.html#/171-kindermaten-8/193-kleur-mintgroen,,,
,,Kleur,"Zwart, oudroze",,,,,,,,Home > Abaya > Abaya met Motief,,EUR,,,Prachtige luxe feestjurk (abaya). Mooi afgewerkt.,,,,,,,,,,"https://static.itijara.eu/1606-medium_default/luxe-abaya-jurk.jpg,https://static.itijara.eu/1604-medium_default/luxe-abaya-jurk.jpg,https://static.itijara.eu/1605-medium_default/luxe-abaya-jurk.jpg,https://static.itijara.eu/1603-medium_default/luxe-abaya-jurk.jpg,https://static.itijara.eu/1606-large_default/luxe-abaya-jurk.jpg,https://static.itijara.eu/1604-large_default/luxe-abaya-jurk.jpg,https://static.itijara.eu/1605-large_default/luxe-abaya-jurk.jpg",1,,,,Luxe abaya (jurk),,,1,,"74,95",37.48,,Prachtige luxe feestjurk (abaya). Mooi afgewerkt.,213,,,"abaya,
                ,jurk,
                ,feest,
                ,goud,
                ",,,,https://www.libasi.nl/abaya-met-motief/866-432-luxe-abaya-jurk.html#/158-kleur-zwart/213-kledingmaat-maat_38,,,
,,None,,,,,,,,,Home > Kinderkleding,,EUR,,,,,,,,,,,,,"https://static.itijara.eu/7341-medium_default/baby-slofjes-i-love-ummi.jpg,https://static.itijara.eu/7342-medium_default/baby-slofjes-i-love-ummi.jpg,https://static.itijara.eu/7340-medium_default/baby-slofjes-i-love-ummi.jpg,https://static.itijara.eu/7343-medium_default/baby-slofjes-i-love-ummi.jpg,https://static.itijara.eu/7341-large_default/baby-slofjes-i-love-ummi.jpg,https://static.itijara.eu/7342-large_default/baby-slofjes-i-love-ummi.jpg,https://static.itijara.eu/7340-large_default/baby-slofjes-i-love-ummi.jpg",,,,,Baby slofjes I love Ummi,,,1,,None,3.95,,Babyslofjes met Arabische tekst 'I love Ummi',4217,,,,,,,https://www.libasi.nl/kinderkleding/4217-baby-slofjes-i-love-ummi.html,,,
,,Kleur,"lichtblauw, Roze, Paars",,,,,,,,Home > Abaya > Gebedskleding,,EUR,,,,,,,,,,,,,https://static.itijara.eu/8137-large_default/gebedskleding-katoen-bloemetjes.jpg,,,,,Gebedskleding Katoen - Bloemetjes,,,1,,None,12.5,,None,296,,,,,,,https://www.libasi.nl/gebedskleding/4631-1995-gebedskleding-katoen-bloemetjes.html#/296-kleur-paars,,,
,,Kleur,"Zwart, kobaltblauw",,,,,,,,Home > Abaya > Abaya met Motief,,EUR,,,Prachtige kimono met rozenprint. Staat prachtige boven onze abaya a-lijn. Beschikbaar in drie kleurencombinaties.,,,,,,,,,,https://static.itijara.eu/1622-large_default/kimono-rose-.jpg,,,,,Kimono ' Rose',,,1,,None,29.95,,Prachtige kimono met rozenprint. Staat prachtige boven onze abaya a-lijn. Beschikbaar in drie kleurencombinaties.,158,,,"abaya,
                ,roos,
                ,Rozen,
                ,kimono,
                ,dubai,
                ",,,,https://www.libasi.nl/abaya-met-motief/872-2640-kimono-rose-.html#/158-kleur-zwart,,,
,,Kleur,"Zwart, donkerblauw, lichtgrijs, donkerbruin, marineblauw, bordeauxrood, Taupe, Roze, donkergroen, Donkerrose, Middengrijs",,,,,,,,Home > Abaya > Gebedskleding,,EUR,,,"Eendelige gebedskleding. Het is een jurk (met mouwen) met een hoofddoek aan vastgenaaid, die je heel makkelijk snel aan kan doen. Gemaakt van zachte, lekker zittende stof.",,,,,,,,,,"https://static.itijara.eu/5703-medium_default/gebedskleding-1-delig.jpg,https://static.itijara.eu/5704-medium_default/gebedskleding-1-delig.jpg,https://static.itijara.eu/5705-medium_default/gebedskleding-1-delig.jpg,https://static.itijara.eu/5706-medium_default/gebedskleding-1-delig.jpg,https://static.itijara.eu/5703-large_default/gebedskleding-1-delig.jpg,https://static.itijara.eu/5704-large_default/gebedskleding-1-delig.jpg,https://static.itijara.eu/5705-large_default/gebedskleding-1-delig.jpg",,,,,Gebedskleding - 1 Delig,,,1,,None,13.95,,None,159,,,,,,,https://www.libasi.nl/gebedskleding/3213-1774-gebedskleding-1-delig.html#/159-kleur-donkerblauw,,,
,,kledingmaat,"maat 42, maat 44, maat 46, maat 48",,,,,,,,Home > Abaya > Enkelkleurige Abaya,,EUR,,,,,,,,,,,,,https://static.itijara.eu/5227-large_default/abaya-knoopjes.jpg,1,,,,Abaya Knoopjes,,,1,,"59,00",53.1,,None,215,,,,,,,https://www.libasi.nl/enkelkleurige-abaya/2950-1032-abaya-knoopjes.html#/215-kledingmaat-maat_42,,,
,,Maat,"M, 2XL, 3XL",,,,,,,,Home > Abaya > Enkelkleurige Abaya,,EUR,,,,,,,,,,,,,https://static.itijara.eu/5225-large_default/abaya-soepel.jpg,1,,,,Abaya Soepel,,,1,,"39,95",35.96,,None,345,,,,,,,https://www.libasi.nl/enkelkleurige-abaya/2962-995-abaya-soepel.html#/345-maat_s_3xl-2xl,,,
,,Kleur,"Zwart, marineblauw, bordeauxrood, Wit, donkergroen",,,,,,,,Home > Abaya > Gebedskleding,,EUR,,,,,,,,,,,,,https://static.itijara.eu/8136-large_default/gebedskleding-2-delig-katoen.jpg,,,,,Gebedskleding 2 Delig - Katoen,,,1,,None,13.5,,"Wil je voor kwaliteit gaan, kies dan deze gebedskleding. Mooie kwalitatieve gebedskleding gemaakt van Katoen.",158,,,,,,,https://www.libasi.nl/gebedskleding/4628-2658-gebedskleding-2-delig-katoen.html#/158-kleur-zwart,,,
,,Maat,donkerblauw,,,,,,,,Home > Abaya > Abaya met Motief,,EUR,,,,,,,,,,,,,"https://static.itijara.eu/5226-medium_default/abaya-sfifa.jpg,https://static.itijara.eu/10236-medium_default/abaya-sfifa.jpg,https://static.itijara.eu/5226-large_default/abaya-sfifa.jpg,https://static.itijara.eu/10236-large_default/abaya-sfifa.jpg",1,,,,Abaya - Sfifa,,,1,,None,35,,None,159,,,,,,,https://www.libasi.nl/abaya-met-motief/2951-2646-abaya-sfifa.html#/156-maat_s_3xl-m/159-kleur-donkerblauw,,,
,,Kleur,"olijfgroen, marineblauw, Grijspaars",,,,,,,,Home > Abaya > Tunieken,,EUR,,,,,,,,,,,,,https://static.itijara.eu/5228-large_default/tuniek-touwtjes.jpg,,,,,Tuniek - Touwtjes,,,1,,"19,95",17.96,,"Beschikbaar in 1 maat die geschikt is voor dames met een maatje M, L of XL",166,,,,,,,https://www.libasi.nl/tunieken/2964-2636-tuniek-touwtjes.html#/166-kleur-olijfgroen,,,
,,kledingmaat,maat 44,,,,,,,,Home > Abaya > Abaya met Motief,,EUR,,,,,,,,,,,,,https://static.itijara.eu/5222-large_default/abaya-bloemetjes.jpg,,,,,Abaya Bloemetjes,,,1,,"49,95",44.96,,None,216,,,,,,,https://www.libasi.nl/abaya-met-motief/2959-2645-abaya-bloemetjes.html#/216-kledingmaat-maat_44,,,
,,Kleur,"Zwart, donkerpaars, lichtgrijs, Donkergrijspaars, marineblauw, Wit, Beige, Taupe, Donkerrood, Grijs",,,,,,,,Home > Abaya > Gebedskleding,,EUR,,,,,,,,,,,,,"https://static.itijara.eu/7169-medium_default/gebedskleding-1-delig-kant.jpg,https://static.itijara.eu/7170-medium_default/gebedskleding-1-delig-kant.jpg,https://static.itijara.eu/7171-medium_default/gebedskleding-1-delig-kant.jpg,https://static.itijara.eu/7172-medium_default/gebedskleding-1-delig-kant.jpg,https://static.itijara.eu/7173-medium_default/gebedskleding-1-delig-kant.jpg,https://static.itijara.eu/7169-large_default/gebedskleding-1-delig-kant.jpg,https://static.itijara.eu/7170-large_default/gebedskleding-1-delig-kant.jpg,https://static.itijara.eu/7171-large_default/gebedskleding-1-delig-kant.jpg",,,,,Gebedskleding 1 delig - kant,,,1,,None,14.95,,Let op de kanten versierrand verschilt van de foto. Zie extra foto's.,188,,,,,,,https://www.libasi.nl/gebedskleding/4155-1882-gebedskleding-1-delig-kant.html#/188-kleur-taupe,,,
,,Size,"36, 37, 38, 39, 40, 41",,,,,,,,Home > schoenen,,EUR,,,Heerlijk zachte slippers. lekker warm voor thuis.,,,,,,,,,,"https://static.itijara.eu/1613-medium_default/parel-slippers-sloffen.jpg,https://static.itijara.eu/1612-medium_default/parel-slippers-sloffen.jpg,https://static.itijara.eu/1613-large_default/parel-slippers-sloffen.jpg,https://static.itijara.eu/1612-large_default/parel-slippers-sloffen.jpg",1,,,,parel slippers (sloffen),,,1,,"8,95",4.48,,Heerlijk zachte slippers. lekker warm voor thuis.,237,,,"schoenen,
                ,slippers,
                ,sloffen,
                ",,,,https://www.libasi.nl/schoenen/868-456-parel-slippers-sloffen.html#/237-shoes_size-36,,,
,,Size,"36, 37, 38, 39, 40, 41",,,,,,,,Home > schoenen,,EUR,,,Prachtige veterschoenen in mooie oudroze kleur.,,,,,,,,,,"https://static.itijara.eu/1615-medium_default/veterschoenen-oud-roze.jpg,https://static.itijara.eu/1614-medium_default/veterschoenen-oud-roze.jpg,https://static.itijara.eu/1615-large_default/veterschoenen-oud-roze.jpg,https://static.itijara.eu/1614-large_default/veterschoenen-oud-roze.jpg",,,,,veterschoenen oud-roze,,,1,,"17,95",8.98,,None,237,,,"schoenen,
                ,instappers,
                ,veterschoenen,
                ",,,,https://www.libasi.nl/schoenen/869-462-veterschoenen-oud-roze.html#/237-shoes_size-36,,,
,,Kleur,"Zwart, Grijs",,,,,,,,Home > schoenen,,EUR,,,Mooie instappers met strik. Beschikbaar in zwart en grijs.,,,,,,,,,,"https://static.itijara.eu/1621-medium_default/instappers-met-strik.jpg,https://static.itijara.eu/1619-medium_default/instappers-met-strik.jpg,https://static.itijara.eu/1620-medium_default/instappers-met-strik.jpg,https://static.itijara.eu/1618-medium_default/instappers-met-strik.jpg,https://static.itijara.eu/1621-large_default/instappers-met-strik.jpg,https://static.itijara.eu/1619-large_default/instappers-met-strik.jpg,https://static.itijara.eu/1620-large_default/instappers-met-strik.jpg",,,,,instappers met strik,,,1,,"17,95",8.98,,Mooie instappers met strik.,237,,,"schoenen,
                ,instappers,
                ,veterschoenen,
                ",,,,https://www.libasi.nl/schoenen/871-480-instappers-met-strik.html#/209-kleur-grijs/237-shoes_size-36,,,
,,Size,"40, 41, 42, 43, 44, 45",,,,,,,,Home > schoenen,,EUR,,,,,,,,,,,,,"https://static.itijara.eu/6684-medium_default/leren-gebedssokken.jpg,https://static.itijara.eu/6683-medium_default/leren-gebedssokken.jpg,https://static.itijara.eu/6684-large_default/leren-gebedssokken.jpg,https://static.itijara.eu/6683-large_default/leren-gebedssokken.jpg",,,,,Leren Gebedssokken,,,1,,"19,95",15.96,,"Leren Gebedssokken, gemaakt van echt schapen en geitenleder.",3848,,,,,,,https://www.libasi.nl/schoenen/3848-2032-leren-gebedssokken.html#,,,
,,None,,,,,,,,,Home > Hijab & hijab accessoires > Hoofddoeken,,EUR,,,,,,,,,,,,,"https://static.itijara.eu/10278-medium_default/satijnen-hoofddoek-met-print.jpg,https://static.itijara.eu/10279-medium_default/satijnen-hoofddoek-met-print.jpg,https://static.itijara.eu/10278-large_default/satijnen-hoofddoek-met-print.jpg,https://static.itijara.eu/10279-large_default/satijnen-hoofddoek-met-print.jpg",,,,,Satijnen Hoofddoek met Print,,,1,,None,4.95,,None,6010,,,,,,,https://www.libasi.nl/hoofddoeken/6010-satijnen-hoofddoek-met-print.html,,,
,,Kleur,"Zwart, donkergrijs, lichtgrijs, marineblauw, bordeauxrood, Wit, lichtbruin, Gebroken wit, mintgroen, zand, Roze, lichtgroen, donkerbeige, Appelgroen, Grijspaars, Lichtgeel",,,,,,,,Home > Hijab & hijab accessoires > Sjaals,,EUR,,,Zeer grote Jersey sjaal van zachte stof. 70x180cm,,,,,,,,,,https://static.itijara.eu/4976-large_default/jersey-sjaal-extra-breed.jpg,,,,,Jersey Sjaal Extra Breed,,,1,,None,6.5,,Zeer grote Jersey sjaal van zachte stof.,162,,,,,,,https://www.libasi.nl/sjaals/2873-748-jersey-sjaal-extra-breed.html#/162-kleur-lichtgrijs,,,
,,Kleur,"Zwart, donkergrijs, donkerpaars, marineblauw, donkergroen, DonkerPetrol, Middengrijs",,,,,,,,Home > Hijab & hijab accessoires > Ghimaar,,EUR,,,"Ghimaar valt tussen de heup en knie afhankelijk van de lengte van de drager. Absolute topkwaliteit. Alleen Ghimaar word geleverd, rok is niet inbegrepen.",,,,,,,,,,https://static.itijara.eu/9656-large_default/founara-ghimaar-l.jpg,,,,,Founara Ghimaar - L,,,1,,None,17.5,,Ghimaar valt tussen de heup en knie afhankelijk van de lengte van de drager.,160,,,"ghimaar,
                ,khimaar,
                ,khimar,
                ,ghimar,
                ",,,,https://www.libasi.nl/ghimaar/5654-2271-founara-ghimaar-l.html#/160-kleur-donkergrijs,,,
,,Kleur,"donkerpaars, turquoise, marineblauw, fushiaroze, lichtblauw, donkergroen, Rood",,,,,,,,Home > Hijab & hijab accessoires > Sjaals,,EUR,,,,,,,,,,,,,https://static.itijara.eu/6682-large_default/jersey-sjaal-premium.jpg,,,,,Jersey Sjaal Premium,,,1,,"5,95",4.76,,Jersey sjaal van de bekende merk Stanbl Jasmine. Gemaakt in Turkije van Katoen en Elasthan.,200,,,,,,,https://www.libasi.nl/sjaals/3847-1705-jersey-sjaal-premium.html#/200-kleur-lichtblauw,,,
,,Kleur,"Zwart, donkerpaars, donkerbruin, Donkergrasgroen, marineblauw, bordeauxrood, Wit, Taupe, Gebroken wit, Dieprose, donkergroen",,,,,,,,Home > Hijab & hijab accessoires > Kapjes & Mouwtjes,,EUR,,,,,,,,,,,,,https://static.itijara.eu/1571-large_default/mouwtjes.jpg,,,,,Mouwtjes,,,1,,None,1.5,,Ook weleens last van doorzichtige of te korte mouwen? Deze mouwtjes lossen dat perfect op. Op deze manier kun je toch je favoriete kledingstuk dragen en bedekt zijn.,293,,,"hijab,
                ,zwart,
                ,mouwtjes,
                ",,,,https://www.libasi.nl/kapjes-mouwtjes/852-657-mouwtjes.html#/177-kleur-wit/293-maat-elleboog,,,
,,Kleur,"Zwart, donkerblauw, donkergrijs, lichtgrijs, Wit",,,,,,,,Home > Hijab & hijab accessoires > Hoofddoeken,,EUR,,,,,,,,,,,,,"https://static.itijara.eu/10405-medium_default/sporthoofddoek.jpg,https://static.itijara.eu/10406-medium_default/sporthoofddoek.jpg,https://static.itijara.eu/10407-medium_default/sporthoofddoek.jpg,https://static.itijara.eu/10408-medium_default/sporthoofddoek.jpg,https://static.itijara.eu/10405-large_default/sporthoofddoek.jpg,https://static.itijara.eu/10406-large_default/sporthoofddoek.jpg,https://static.itijara.eu/10407-large_default/sporthoofddoek.jpg",,,,,Sporthoofddoek,,,1,,None,7.95,,"Nieuwe Model Sporthoofddoek. Trendy Design en gemaakt van luchtige stof. Zit Zeer comfortabel, zeker tijdens omstandigheden waarin je je bevindt tijdens het sporten.",158,,,,,,,https://www.libasi.nl/hoofddoeken/6104-2742-sporthoofddoek.html#/158-kleur-zwart,,,
,,Kleur,"Zwart, donkergrijs, donkerbruin, Wit, Donkerrose, Geel",,,,,,,,Home > Hijab & hijab accessoires > Instant & Amira,,EUR,,,,,,,,,,,,,"https://static.itijara.eu/6113-medium_default/instant-turban-hijab.jpg,https://static.itijara.eu/6114-medium_default/instant-turban-hijab.jpg,https://static.itijara.eu/6113-large_default/instant-turban-hijab.jpg,https://static.itijara.eu/6114-large_default/instant-turban-hijab.jpg",1,,,,Instant Turban Hijab,,,1,,"2,95",2.66,,Een Mutsje die wat weg heeft van een tulband die als (onderdeel van een) hoofddoek gedragen word. Inmiddels een rage over de hele wereld.,158,,,,,,,https://www.libasi.nl/instant-amira/3478-1450-instant-turban-hijab.html#/158-kleur-zwart,,,
,,None,,,,,,,,,Home > Hijab & hijab accessoires > Ghimaar,,EUR,,,,,,,,,,,,,https://static.itijara.eu/7426-large_default/heup-ghimaar-founara-zwart.jpg,,,,,Heup Ghimaar Founara Zwart,,,1,,None,12.5,,None,4243,,,,,,,https://www.libasi.nl/ghimaar/4243-heup-ghimaar-founara-zwart.html,,,
,,Kleur,"Zwart, donkergrijs, lichtgrijs, donkerbruin, olijfgroen, marineblauw, bordeauxrood, Wit, Taupe, zalmroze, mosgroen, Donkerrose, donkerbeige, Lichthemelsblauw",,,,,,,,Home > Hijab & hijab accessoires > Hoofddoeken,,EUR,,,,,,,,,,,,,"https://static.itijara.eu/1638-medium_default/hoofddoek-chiffon-medium.jpg,https://static.itijara.eu/1637-medium_default/hoofddoek-chiffon-medium.jpg,https://static.itijara.eu/1638-large_default/hoofddoek-chiffon-medium.jpg,https://static.itijara.eu/1637-large_default/hoofddoek-chiffon-medium.jpg",,,,,Hoofddoek Chiffon Medium,,,1,,None,3.95,,None,158,,,,,,,https://www.libasi.nl/hoofddoeken/878-524-hoofddoek-chiffon-medium.html#/158-kleur-zwart,,,
,,Kleur,"Zwart, donkerbruin, Taupe, Gebroken wit, zand, Poederroze",,,,,,,,Home > Hijab & hijab accessoires > Hoofddoeken,,EUR,,,,,,,,,,,,,"https://static.itijara.eu/10208-medium_default/turban-hijab-kant.jpg,https://static.itijara.eu/10209-medium_default/turban-hijab-kant.jpg,https://static.itijara.eu/10208-large_default/turban-hijab-kant.jpg,https://static.itijara.eu/10209-large_default/turban-hijab-kant.jpg",,,,,Turban Hijab Kant,,,1,,None,2.95,,None,158,,,,,,,https://www.libasi.nl/hoofddoeken/5980-2505-turban-hijab-kant.html#/158-kleur-zwart,,,
,,Kleur,"Zwart, lichtgrijs, marineblauw, bordeauxrood, lichtbruin, Taupe, Gebroken wit, mintgroen, zand, okergeel, lichtblauw, donkergroen, donkerbeige, Rusty, Perzikrose, Rood, Grijspaars, Middengrijs, Indisch Rood",,,,,,,,Home > Hijab & hijab accessoires > Sjaals,,EUR,,,,,,,,,,,,,https://static.itijara.eu/1643-large_default/jersey-sjaal.jpg,,,,,Jersey Sjaal,,,1,,None,4.5,,None,158,,,,,,,https://www.libasi.nl/sjaals/882-536-jersey-sjaal.html#/158-kleur-zwart,,,
,,Kleur,"Zwart, donkergrijs, donkerpaars, lichtgrijs, donkerbruin, marineblauw, bordeauxrood, Wit, Donkerstaalblauw, Dieprose, lichtroze, mintgroen, Antraciet, donkergroen, Perzikrose",,,,,,,,Home > Hijab & hijab accessoires > Kapjes & Mouwtjes,,EUR,,,,,,,,,,,,,https://static.itijara.eu/10189-large_default/ninja-kapje.jpg,,,,,Ninja kapje,,,1,,None,2.5,,Katoenen ninja kapje. Ideaal voor onder doorzichtige sjaals en hoofddoeken.,298,,,"hijab,
                ,sjaal,
                ,ninjakapje,
                ",,,,https://www.libasi.nl/kapjes-mouwtjes/853-2365-ninja-kapje.html#/298-kleur-perzikrose,,,
,,Kleur,"Zwart, lichtgrijs, marineblauw, Wit, lichtbruin, Gebroken wit, Creme",,,,,,,,Home > Hijab & hijab accessoires > Instant & Amira,,EUR,,,"Amira waarbij het kapje vastzit aan de hoofddoek. Met een beweging trek je je hoofddoek aan. Zeer handig voor thuis, maar door de mooie kwaliteit ook geschikt voor buiten.",,,,,,,,,,https://static.itijara.eu/5012-large_default/amira-eendelig.jpg,,,,,Amira Eendelig,,,1,,None,3.5,,None,158,,,,,,,https://www.libasi.nl/instant-amira/2895-814-amira-eendelig.html#/158-kleur-zwart,,,
,,Kleur,"Zwart, Wit, donkergroen",,,,,,,,Home > Hijab & hijab accessoires > Sjaals,,EUR,,,,,,,,,,,,,"https://static.itijara.eu/5099-medium_default/ribbel-sjaal.jpg,https://static.itijara.eu/1636-medium_default/ribbel-sjaal.jpg,https://static.itijara.eu/1635-medium_default/ribbel-sjaal.jpg,https://static.itijara.eu/5099-large_default/ribbel-sjaal.jpg,https://static.itijara.eu/1636-large_default/ribbel-sjaal.jpg,https://static.itijara.eu/1635-large_default/ribbel-sjaal.jpg",,,,,Ribbel Sjaal,,,1,,None,3.95,,None,177,,,,,,,https://www.libasi.nl/sjaals/877-500-ribbel-sjaal.html#/177-kleur-wit,,,
,,Kleur,"donkerbruin, Petrol, Donkerstaalblauw",,,,,,,,Home > Hijab & hijab accessoires > Ghimaar,,EUR,,,Mooie ghimaar die ongeveer tot de heup komt. Gemaakt in Egypte en van super kwaliteit.,,,,,,,,,,https://static.itijara.eu/5011-large_default/ghimaar-m.jpg,1,,,,Ghimaar - M,,,1,,None,14.95,,Mooie ghimaar die ongeveer tot de heup komt. Gemaakt in Egypte en van super kwaliteit.,163,,,,,,,https://www.libasi.nl/ghimaar/2894-808-ghimaar-m.html#/163-kleur-donkerbruin,,,
,,Kleur,"Zwart, lichtgrijs, Donkergrasgroen, Donkergrijspaars, Wit, Gebroken wit, lichtblauw, Lila, Appelgroen, Staalblauw",,,,,,,,Home > Hijab & hijab accessoires > Kapjes & Mouwtjes,,EUR,,,,,,,,,,,,,"https://static.itijara.eu/7141-medium_default/kapjes-katoen-stretch.jpg,https://static.itijara.eu/10217-medium_default/kapjes-katoen-stretch.jpg,https://static.itijara.eu/7141-large_default/kapjes-katoen-stretch.jpg,https://static.itijara.eu/10217-large_default/kapjes-katoen-stretch.jpg",,,,,Kapjes katoen Stretch,,,1,,None,2.5,,None,158,,,,,,,https://www.libasi.nl/kapjes-mouwtjes/4144-1768-kapjes-katoen-stretch.html#/158-kleur-zwart,,,
,,Kleur,"Zwart, marineblauw, Wit, lichtbruin, Taupe, Gebroken wit, grijsgroen, Donkerrood, Roze, DonkerPetrol",,,,,,,,Home > Hijab & hijab accessoires > Instant & Amira,,EUR,,,Een soepele rekbare hoofddoek die zeer makkelijk te dragen en altijd goed valt. Om deze hoofddoek aan te trekken heeft u geen spelden nodig. De hoofddoek word geleverd met haarband. Gemaakt van 100% polyester.,,,,,,,,,,"https://static.itijara.eu/10182-medium_default/amira-hoofddoek-stretch.jpg,https://static.itijara.eu/1634-medium_default/amira-hoofddoek-stretch.jpg,https://static.itijara.eu/10181-medium_default/amira-hoofddoek-stretch.jpg,https://static.itijara.eu/10182-large_default/amira-hoofddoek-stretch.jpg,https://static.itijara.eu/1634-large_default/amira-hoofddoek-stretch.jpg,https://static.itijara.eu/10181-large_default/amira-hoofddoek-stretch.jpg",,,,,Amira Hoofddoek Stretch,,,1,,None,3.95,,None,158,,,,,,,https://www.libasi.nl/instant-amira/876-492-amira-hoofddoek-stretch.html#/158-kleur-zwart,,,
,,Kleur,"Zwart, donkerblauw, donkerpaars, lichtgrijs, donkerbruin, olijfgroen, Petrol, marineblauw, Wit, Donkerstaalblauw, Taupe, Gebroken wit, Dieprose, lichtroze, mintgroen, zalmroze, lichtblauw, Donkerrood, Roze, lichtgroen, donkergroen, Perzikrose, Staalblauw, OranjeBruin, Poederroze, Hemelsblauw, Geelbruin, Grijspaars",,,,,,,,Home > Hijab & hijab accessoires > Sjaals,,EUR,,,"Pashmina's zijn ideaal voor dagelijks gebruik. Enkelkleurig en beschikbaar in heel veel kleuren, dus makkelijke te combineren met je outfit. We verkopen de Pashmina sjaals met en zonder sliertjes. Deze versie is de variant zonder de franjes die onlangs op de markt zijn gebracht. Een trendy alternatief voor de oude vertrouwde Pashmina's!",,,,,,,,,,"https://static.itijara.eu/1580-medium_default/pashmina-zonder-touwtjes.jpg,https://static.itijara.eu/1578-medium_default/pashmina-zonder-touwtjes.jpg,https://static.itijara.eu/1575-medium_default/pashmina-zonder-touwtjes.jpg,https://static.itijara.eu/1576-medium_default/pashmina-zonder-touwtjes.jpg,https://static.itijara.eu/1577-medium_default/pashmina-zonder-touwtjes.jpg,https://static.itijara.eu/1579-medium_default/pashmina-zonder-touwtjes.jpg,https://static.itijara.eu/1580-large_default/pashmina-zonder-touwtjes.jpg,https://static.itijara.eu/1578-large_default/pashmina-zonder-touwtjes.jpg,https://static.itijara.eu/1575-large_default/pashmina-zonder-touwtjes.jpg",,,,,Pashmina zonder touwtjes,,,1,,None,4.95,,Prachtige luchtige pashmina's zonder touwtjes,188,,,"hijab,
                ,sjaal,
                ,zomer,
                ,pashmina,
                ",,,,https://www.libasi.nl/sjaals/856-376-pashmina-zonder-touwtjes.html#/188-kleur-taupe,,,
,,Kleur,"donkergrijs, donkerpaars, donkerbruin, kobaltblauw, marineblauw, Dieprose, zeegroen, lichtroze, Donkerrood, mosgroen, Rusty, Aquamarijn, Rood, DonkerPetrol",,,,,,,,Home > Hijab & hijab accessoires > Kapjes & Mouwtjes,,EUR,,,"Ook altijd last van je oren door knellende kapjes, dan is dit de oplossing. Het voordeel van een kapje (geen glijdende hoofddoek) maar je oren worden bespaard.",,,,,,,,,,https://static.itijara.eu/1574-large_default/haarband-kapje.jpg,,,,,Haarband kapje,,,1,,None,1.5,,Haarband van stretch katoen die je gebruikt als kapje onder je hijab,190,,,"hijab,
                ,sjaal,
                ,kapje,
                ,bonet,
                ,haarband,
                ",,,,https://www.libasi.nl/kapjes-mouwtjes/855-342-haarband-kapje.html#/190-kleur-dieprose,,,
,,Kleur,"Zwart, donkerblauw, donkergrijs, Donkergrasgroen, marineblauw, bordeauxrood, Wit, Taupe, lichtroze, mintgroen, okergeel, lichtblauw, Bruin, Donkerrood, Roze, donkergroen, Geel, Creme, Oranje, Hemelsblauw, Geelbruin, Donkeroranje, Licht Taupe, Grijspaars, Middengrijs",,,,,,,,Home > Hijab & hijab accessoires > Sjaals,,EUR,,,,,,,,,,,,,"https://static.itijara.eu/1639-medium_default/skin-hijab.jpg,https://static.itijara.eu/7185-medium_default/skin-hijab.jpg,https://static.itijara.eu/7186-medium_default/skin-hijab.jpg,https://static.itijara.eu/1639-large_default/skin-hijab.jpg,https://static.itijara.eu/7185-large_default/skin-hijab.jpg,https://static.itijara.eu/7186-large_default/skin-hijab.jpg",,,,,Skin Hijab,,,1,,None,3.5,,None,158,,,,,,,https://www.libasi.nl/sjaals/879-530-skin-hijab.html#/158-kleur-zwart,,,
,,Kleur,"donkergrijs, donkerpaars, donkerbruin, Donkergrijspaars, Petrol, bordeauxrood, zand, Donkerrood",,,,,,,,Home > Hijab & hijab accessoires > Ghimaar,,EUR,,,"Ghimaar valt tussen de heup en knie afhankelijk van de lengte van de drager. Absolute topkwaliteit. Alleen Ghimaar word geleverd, rok is niet inbegrepen.",,,,,,,,,,"https://static.itijara.eu/4984-medium_default/al-faeza-ghimaar-l-.jpg,https://static.itijara.eu/4985-medium_default/al-faeza-ghimaar-l-.jpg,https://static.itijara.eu/4984-large_default/al-faeza-ghimaar-l-.jpg,https://static.itijara.eu/4985-large_default/al-faeza-ghimaar-l-.jpg",1,,,,Al Faeza Ghimaar - L,,,1,,None,17.5,,Ghimaar valt tussen de heup en knie afhankelijk van de lengte van de drager.,176,,,"ghimaar,
                ,khimaar,
                ,khimar,
                ,ghimar,
                ",,,,https://www.libasi.nl/ghimaar/2877-770-al-faeza-ghimaar-l-.html#/176-kleur-bordeauxrood,,,
,,Kleur,"Zwart, marineblauw, mintgroen, Roze",,,,,,,,Home > Hijab & hijab accessoires > Instant & Amira,,EUR,,,gemakkelijke praktische hijab van soepele jerseystof. Geen speldjes nodig.,,,,,,,,,,"https://static.itijara.eu/1602-medium_default/instant-praktische-jersey-hijab.jpg,https://static.itijara.eu/1600-medium_default/instant-praktische-jersey-hijab.jpg,https://static.itijara.eu/1601-medium_default/instant-praktische-jersey-hijab.jpg,https://static.itijara.eu/1602-large_default/instant-praktische-jersey-hijab.jpg,https://static.itijara.eu/1600-large_default/instant-praktische-jersey-hijab.jpg,https://static.itijara.eu/1601-large_default/instant-praktische-jersey-hijab.jpg",1,,,,Instant Praktische Jersey Hijab,,,1,,None,5.95,,gemakkelijke praktische hijab van soepele jerseystof,158,,,"hijab,
                ,jersey,
                ,instant,
                ,praktisch,
                ",,,,https://www.libasi.nl/instant-amira/865-692-instant-praktische-jersey-hijab.html#/158-kleur-zwart,,,
,,Kleur,"Zwart, donkergrijs, lichtgrijs, oudroze, Wit, Donkerstaalblauw, Taupe, Gebroken wit, mintgroen, zand, Roze, donkergroen, Creme, Dennengroen, Paars, Blauw-Groen, Perzikrose, Staalblauw",,,,,,,,Home > Hijab & hijab accessoires > Hoofddoeken,,EUR,,,Grote ronde hoofddoek van soepele chiffon stof.,,,,,,,,,,"https://static.itijara.eu/1595-medium_default/chiffon-hoofddoek-large.jpg,https://static.itijara.eu/1594-medium_default/chiffon-hoofddoek-large.jpg,https://static.itijara.eu/1595-large_default/chiffon-hoofddoek-large.jpg,https://static.itijara.eu/1594-large_default/chiffon-hoofddoek-large.jpg",,,,,Chiffon Hoofddoek - Large,,,1,,None,4.95,,Grote ronde hoofddoek van soepele chiffon stof.,177,,,"hijab,
                ,chiffon,
                ,hoofddoek,
                ,rond,
                ",,,,https://www.libasi.nl/hoofddoeken/862-400-chiffon-hoofddoek-large.html#/177-kleur-wit,,,
,,None,,,,,,,,,Home > Spelden en Sieraden,,EUR,,,,,,,,,,,,,"https://static.itijara.eu/10173-medium_default/hoofddoekmagneet-zwart-zilver.jpg,https://static.itijara.eu/10174-medium_default/hoofddoekmagneet-zwart-zilver.jpg,https://static.itijara.eu/10175-medium_default/hoofddoekmagneet-zwart-zilver.jpg,https://static.itijara.eu/10173-large_default/hoofddoekmagneet-zwart-zilver.jpg,https://static.itijara.eu/10174-large_default/hoofddoekmagneet-zwart-zilver.jpg,https://static.itijara.eu/10175-large_default/hoofddoekmagneet-zwart-zilver.jpg",,,,,Hoofddoekmagneet - Zwart-Zilver,,,1,,None,1.95,,None,5965,,,,,,,https://www.libasi.nl/spelden-en-sieraden/5965-hoofddoekmagneet-zwart-zilver.html,,,
,,Kleur,"turquoise, Wit, zalmroze, Roze, Geel, Lila",,,,,,,,Home > Spelden en Sieraden,,EUR,,,,,,,,,,,,,https://static.itijara.eu/10172-large_default/hijab-magneet-stof-goudfolie.jpg,,,,,Hijab Magneet Stof + Goudfolie,,,1,,None,1.95,,Een Hoofddoek magneet om je hoofddoek of sjaal mee vast te maken zonder gebruik te hoeven maken van spelden. Deze Hoofddoekmagneet is iets kleiner dan de gewone andere hoofddoekmagneten.,177,,,,,,,https://www.libasi.nl/spelden-en-sieraden/5964-2351-hijab-magneet-stof-goudfolie.html#/177-kleur-wit,,,
,,None,,,,,,,,,Home > Spelden en Sieraden,,EUR,,,,,,,,,,,,,https://static.itijara.eu/10138-large_default/veiligheidsspelden-kleur-6-stuks.jpg,,,,,Veiligheidsspelden Kleur (6 Stuks),,,1,,None,1.95,,None,5940,,,,,,,https://www.libasi.nl/spelden-en-sieraden/5940-veiligheidsspelden-kleur-6-stuks.html,,,
,,None,,,,,,,,,Home > Spelden en Sieraden,,EUR,,,,,,,,,,,,,https://static.itijara.eu/10134-large_default/veiligheidsspelden-dubbelkleur-8-stuks.jpg,,,,,Veiligheidsspelden Dubbelkleur (8 stuks),,,1,,None,2.5,,None,5938,,,,,,,https://www.libasi.nl/spelden-en-sieraden/5938-veiligheidsspelden-dubbelkleur-8-stuks.html,,,
,,Kleur,"Zwart, donkerbruin, kobaltblauw, Wit, lichtblauw, goud, Paars, Rood, Groen",,,,,,,,Home > Spelden en Sieraden,,EUR,,,,,,,,,,,,,https://static.itijara.eu/10171-large_default/hijab-magneet-glitter.jpg,,,,,Hijab Magneet Glitter,,,1,,None,1.95,,Mooie Magneet om je hoofddoek mee vast te knopen zonder gebruikt te hoeven maken van spelden. Hierdoor blijft je hoofddoek/sjaal,158,,,,,,,https://www.libasi.nl/spelden-en-sieraden/5963-2348-hijab-magneet-glitter.html#/158-kleur-zwart,,,
,,Kleur,"Zwart, lichtgrijs, donkerbruin, marineblauw, Wit",,,,,,,,Home > Hijab & hijab accessoires > Kapjes & Mouwtjes,,EUR,,,,,,,,,,,,,"https://static.itijara.eu/1647-medium_default/handschoenen.jpg,https://static.itijara.eu/1646-medium_default/handschoenen.jpg,https://static.itijara.eu/1647-large_default/handschoenen.jpg,https://static.itijara.eu/1646-large_default/handschoenen.jpg",,,,,Handschoenen,,,1,,None,2.5,,None,158,,,,,,,https://www.libasi.nl/kapjes-mouwtjes/885-553-handschoenen.html#/158-kleur-zwart,,,
,,Kleur,"donkergrijs, kobaltblauw, olijfgroen, bordeauxrood, Wit, Bruin, Donkerrose, Geel, DonkerPetrol",,,,,,,,Home > Hijab & hijab accessoires > Sjaals,,EUR,,,"Zoek je superzachte pashmina sjaals, maar vind je echt cashmere te duur? Pashmina sjaal van echte cashmere kunnen wel boven de 100 euro per stuk kosten. Doordat deze sjaals gemaakt zijn van een ideale mix van verschillende stoffen voelt de sjaal net echte cashmere. Super zacht en soepel. De sjaal is gemaakt van 60% viscose, 30% Katoen en 10% wol. De taupe kleuren sjaal is gemaakt van 20% echte cashmere en 80% viscose.",,,,,,,,,,https://static.itijara.eu/6117-large_default/pashmina-sjaal-cashmere-feel-touch.jpg,1,,,,Pashmina Sjaal Cashmere Feel & Touch,,,1,,None,7.5,,None,160,,,,,,,https://www.libasi.nl/sjaals/3480-1469-pashmina-sjaal-cashmere-feel-touch.html#/160-kleur-donkergrijs,,,
,,None,,,,,,,,,Home > Spelden en Sieraden,,EUR,,,,,,,,,,,,,https://static.itijara.eu/10410-large_default/luxe-speld-met-steentje-2-stuks-goud.jpg,,,,,Luxe Speld met Steentje (2 stuks) Goud,,,1,,None,0.95,,Mooie Luxe Speld met kristallen steentje. U ontvangt een set van 2 Goudkleurige spelden.,6106,,,,,,,https://www.libasi.nl/spelden-en-sieraden/6106-luxe-speld-met-steentje-2-stuks-goud.html,,,
,,Kleur,"Zwart, donkergrijs, donkerbruin, kobaltblauw, Petrol, Wit, Dieprose, lichtroze, mintgroen, Roze, donkergroen, Geel, Creme, Paars, Perzikrose, Rood, Lila, Oranje, Grasgroen, Khaki",,,,,,,,Home > Hijab & hijab accessoires > Kapjes & Mouwtjes,,EUR,,,"Mooie stretch kapje die haar, nek en hals bedekt, waardoor je meer vrijheid hebt om je hoofddoek zo te knopen, hoe je wilt, zonder dat je delen bloot laat. Stof: Modal Formaat: 24 cm x 35 cm Gewicht: 40 gram",,,,,,,,,,"https://static.itijara.eu/11159-medium_default/libasi-ninja-onderkapje.jpg,https://static.itijara.eu/11157-medium_default/libasi-ninja-onderkapje.jpg,https://static.itijara.eu/11158-medium_default/libasi-ninja-onderkapje.jpg,https://static.itijara.eu/11159-large_default/libasi-ninja-onderkapje.jpg,https://static.itijara.eu/11157-large_default/libasi-ninja-onderkapje.jpg,https://static.itijara.eu/11158-large_default/libasi-ninja-onderkapje.jpg",,,,,Libasi Ninja Onderkapje,,,1,,None,2.5,,"Ninja onderkapje, te gebruiken als onderhoofddoek.",158,,,,,,,https://www.libasi.nl/kapjes-mouwtjes/6536-2873-libasi-ninja-onderkapje.html#/158-kleur-zwart,,,
,,None,,,,,,,,,Home > Spelden en Sieraden,,EUR,,,,,,,,,,,,,https://static.itijara.eu/10409-large_default/luxe-speld-met-steentje-2-stuks-zilver.jpg,,,,,Luxe Speld met Steentje (2 stuks) Zilver,,,1,,None,0.95,,Mooie Luxe Speld met kristallen steentje. U ontvangt een set van 2 zilveren spelden.,6105,,,,,,,https://www.libasi.nl/spelden-en-sieraden/6105-luxe-speld-met-steentje-2-stuks-zilver.html,,,
,,None,,,,,,,,,Home > Spelden en Sieraden,,EUR,,,,,,,,,,,,,https://static.itijara.eu/10383-large_default/veiligheidsspeld-xl-goud-parel.jpg,,,,,Veiligheidsspeld XL - Goud Parel,,,1,,None,0.95,,None,6095,,,,,,,https://www.libasi.nl/spelden-en-sieraden/6095-veiligheidsspeld-xl-goud-parel.html,,,
,,None,,,,,,,,,Home > Spelden en Sieraden,,EUR,,,"Veiligheidsspeld of Broche ter verfraaiing van je hoofddoek. Materiaal: Zink Legering en Parel Formaat: 5,5 cm x 1,5 cm Gewicht: 3 gram",,,,,,,,,,"https://static.itijara.eu/10380-medium_default/parelspeld-roze.jpg,https://static.itijara.eu/10381-medium_default/parelspeld-roze.jpg,https://static.itijara.eu/10380-large_default/parelspeld-roze.jpg,https://static.itijara.eu/10381-large_default/parelspeld-roze.jpg",,,,,Parelspeld - Roze,,,1,,None,1.75,,Grote Veiligheidsspeld om je hoofddoek of sjaal mee vast te maken.,6092,,,,,,,https://www.libasi.nl/spelden-en-sieraden/6092-parelspeld-roze.html,,,
,,None,,,,,,,,,Home > Spelden en Sieraden,,EUR,,,Veiligheidsspeld of Broche ter verfraaiing van je hoofddoek. Materiaal: Zink Legering en Kristal,,,,,,,,,,https://static.itijara.eu/10382-large_default/veiligheidsspeld-xl-kristal-2.jpg,,,,,Veiligheidsspeld XL - Kristal 2,,,1,,None,1.95,,Grote Veiligheidsspeld om je hoofddoek of sjaal mee vast te maken.,6094,,,,,,,https://www.libasi.nl/spelden-en-sieraden/6094-veiligheidsspeld-xl-kristal-2.html,,,
,,None,,,,,,,,,Home > Spelden en Sieraden,,EUR,,,"Veiligheidsspeld of Broche ter verfraaiing van je hoofddoek. Materiaal: Zink Legering en Parel Formaat: 5 cm x 1,3 cm Gewicht: 2 gram",,,,,,,,,,"https://static.itijara.eu/10378-medium_default/veiligheidsspeld-xl-parel-zilver.jpg,https://static.itijara.eu/10379-medium_default/veiligheidsspeld-xl-parel-zilver.jpg,https://static.itijara.eu/10378-large_default/veiligheidsspeld-xl-parel-zilver.jpg,https://static.itijara.eu/10379-large_default/veiligheidsspeld-xl-parel-zilver.jpg",,,,,Veiligheidsspeld XL - Parel Zilver,,,1,,None,0.95,,Grote Veiligheidsspeld om je hoofddoek of sjaal mee vast te maken.,6091,,,,,,,https://www.libasi.nl/spelden-en-sieraden/6091-veiligheidsspeld-xl-parel-zilver.html,,,
,,None,,,,,,,,,Home > Spelden en Sieraden,,EUR,,,"Veiligheidsspeld of Broche ter verfraaiing van je hoofddoek. Materiaal: Zink Legering en Kristal Formaat: 8 cm x 1,8 cm Gewicht: 11 gram",,,,,,,,,,"https://static.itijara.eu/10376-medium_default/veiligheidsspeld-xl-kristal.jpg,https://static.itijara.eu/10377-medium_default/veiligheidsspeld-xl-kristal.jpg,https://static.itijara.eu/10376-large_default/veiligheidsspeld-xl-kristal.jpg,https://static.itijara.eu/10377-large_default/veiligheidsspeld-xl-kristal.jpg",,,,,Veiligheidsspeld XL - Kristal,,,1,,None,1.95,,Grote Veiligheidsspeld om je hoofddoek of sjaal mee vast te maken.,6089,,,,,,,https://www.libasi.nl/spelden-en-sieraden/6089-veiligheidsspeld-xl-kristal.html,,,
,,None,,,,,,,,,Home > Spelden en Sieraden,,EUR,,,"Veiligheidsspeld of Broche ter verfraaiing van je hoofddoek. Materiaal: Zink Legering en Kristal Formaat: 8 cm x 1,8 cm",,,,,,,,,,"https://static.itijara.eu/10374-medium_default/veiligheidsspeld-xl-goud-hartjes.jpg,https://static.itijara.eu/10375-medium_default/veiligheidsspeld-xl-goud-hartjes.jpg,https://static.itijara.eu/10374-large_default/veiligheidsspeld-xl-goud-hartjes.jpg,https://static.itijara.eu/10375-large_default/veiligheidsspeld-xl-goud-hartjes.jpg",,,,,Veiligheidsspeld XL - Goud Hartjes,,,1,,None,1.95,,Grote Veiligheidsspeld om je hoofddoek of sjaal mee vast te maken.,6088,,,,,,,https://www.libasi.nl/spelden-en-sieraden/6088-veiligheidsspeld-xl-goud-hartjes.html,,,
,,None,,,,,,,,,Home > Spelden en Sieraden,,EUR,,,,,,,,,,,,,https://static.itijara.eu/10346-large_default/veiligheidsspelden-metaal-zwart-.jpg,,,,,Veiligheidsspelden Metaal Zwart,,,1,,None,1.5,,Klein doosje met kleine zwarte veiligheidsspelden.,6067,,,,,,,https://www.libasi.nl/spelden-en-sieraden/6067-veiligheidsspelden-metaal-zwart-.html,,,
,,Kleur,"Zwart, Wit, Dieprose, lichtroze, zalmroze, lichtblauw, Donkerturqoise, Rood, Oranje, Khaki",,,,,,,,Home > Spelden en Sieraden,,EUR,,,,,,,,,,,,,https://static.itijara.eu/10194-large_default/hoofddoekmagneet-stippen.jpg,,,,,Hoofddoekmagneet - Stippen,,,1,,None,1.95,,None,158,,,,,,,https://www.libasi.nl/spelden-en-sieraden/5972-2373-hoofddoekmagneet-stippen.html#/158-kleur-zwart,,,
,,None,,,,,,,,,Home > Spelden en Sieraden,,EUR,,,,,,,,,,,,,https://static.itijara.eu/10333-large_default/veiligheidsspelden-goud.jpg,,,,,Veiligheidsspelden Goud,,,1,,None,0.95,,Klein doosje met kleine veiligheidsspelden goud,6057,,,,,,,https://www.libasi.nl/spelden-en-sieraden/6057-veiligheidsspelden-goud.html,,,
,,Kleur,"donkerbruin, olijfgroen, lichtbruin, mintgroen, lichtblauw, Bruin, Poederroze",,,,,,,,Home > Spelden en Sieraden,,EUR,,,,,,,,,,,,,"https://static.itijara.eu/10176-medium_default/hoofddoekmagneet-stof-bloemetjes.jpg,https://static.itijara.eu/10177-medium_default/hoofddoekmagneet-stof-bloemetjes.jpg,https://static.itijara.eu/10178-medium_default/hoofddoekmagneet-stof-bloemetjes.jpg,https://static.itijara.eu/10176-large_default/hoofddoekmagneet-stof-bloemetjes.jpg,https://static.itijara.eu/10177-large_default/hoofddoekmagneet-stof-bloemetjes.jpg,https://static.itijara.eu/10178-large_default/hoofddoekmagneet-stof-bloemetjes.jpg",,,,,Hoofddoekmagneet - Stof - Bloemetjes,,,1,,None,1.95,,None,387,,,,,,,https://www.libasi.nl/spelden-en-sieraden/5966-2357-hoofddoekmagneet-stof-bloemetjes.html#/387-kleur-poederroze,,,
,,Kleur,"Zwart, Gebroken wit, Dieprose, lichtroze, lichtblauw, lichtgroen, Oranjeroze",,,,,,,,Home > Spelden en Sieraden,,EUR,,,,,,,,,,,,,"https://static.itijara.eu/10191-medium_default/hoofddoekmagneet-vintage.jpg,https://static.itijara.eu/10192-medium_default/hoofddoekmagneet-vintage.jpg,https://static.itijara.eu/10193-medium_default/hoofddoekmagneet-vintage.jpg,https://static.itijara.eu/10191-large_default/hoofddoekmagneet-vintage.jpg,https://static.itijara.eu/10192-large_default/hoofddoekmagneet-vintage.jpg,https://static.itijara.eu/10193-large_default/hoofddoekmagneet-vintage.jpg",,,,,Hoofddoekmagneet Vintage,,,1,,None,1.95,,None,158,,,,,,,https://www.libasi.nl/spelden-en-sieraden/5971-2372-hoofddoekmagneet-vintage.html#/158-kleur-zwart,,,
,,Kleur,"marineblauw, Antraciet, Donkerrood",,,,,,,,Home > Hijab & hijab accessoires > Sjaals,,EUR,,,Onze Bubble Crepe sjaal is gemaakt van iets dikkere en stevige stof. Deze hoofddoeken gaan daardoor langer mee. De Bubble crepe sjaals hebben een structuur in de stof die doet denken aan crêpe papier. Zie foto 2.,,,,,,,,,,"https://static.itijara.eu/5785-medium_default/bubble-crepe-sjaal.jpg,https://static.itijara.eu/5786-medium_default/bubble-crepe-sjaal.jpg,https://static.itijara.eu/5785-large_default/bubble-crepe-sjaal.jpg,https://static.itijara.eu/5786-large_default/bubble-crepe-sjaal.jpg",,,,,Bubble Crepe Sjaal,,,1,,"3,95",3.56,,None,199,,,,,,,https://www.libasi.nl/sjaals/3274-1346-bubble-crepe-sjaal.html#/199-kleur-antraciet,,,
,,Kleur,"Zwart, donkerpaars, lichtgrijs, donkerbruin, olijfgroen, marineblauw, bordeauxrood, Wit, Donkerstaalblauw, Taupe, Gebroken wit, okergeel, Bruin, Donkerrose, Perzikrose, Lila, Grijspaars, babyroze, Khaki, Chocoladebruin",,,,,,,,Home > Hijab & hijab accessoires > Instant & Amira,,EUR,,,"Formaat: 80 x 65 cm Gewicht: 140 gram Bijzonderheid: Amira Hoofddoek, Glitter stof, Milieu vriendelijk geproduceerd Materiaal: Polyester",,,,,,,,,,"https://static.itijara.eu/11227-medium_default/amira-ruffle-glitter.jpg,https://static.itijara.eu/11222-medium_default/amira-ruffle-glitter.jpg,https://static.itijara.eu/11224-medium_default/amira-ruffle-glitter.jpg,https://static.itijara.eu/11225-medium_default/amira-ruffle-glitter.jpg,https://static.itijara.eu/11226-medium_default/amira-ruffle-glitter.jpg,https://static.itijara.eu/11227-large_default/amira-ruffle-glitter.jpg,https://static.itijara.eu/11222-large_default/amira-ruffle-glitter.jpg,https://static.itijara.eu/11224-large_default/amira-ruffle-glitter.jpg",,,,,Amira Ruffle Glitter,,,1,,None,6.95,,"Amira Hoofddoek met een vouweffect aan de onderkant. Een Amira hoofddoek is een hoofddoek die je gemakkelijk kunt dragen zonder in de weer te gaan met spelden of andere hulpmiddelen. Het is in 1 beweging om te doen, iedereen kan het. Ze worden ook wel Instant of Praktische Hoofddoeken genoemd. De stof van de hoofddoek heeft een subtiele glitter effect. Het is niet te aanwezig en de hoofddoek is goed geschikt voor alledaags gebruik en zeker niet alleen voor feestjes bestemd.",158,,,,,,,https://www.libasi.nl/instant-amira/6554-2963-amira-ruffle-glitter.html#/158-kleur-zwart,,,
,,Kleur,"donkergrijs, lichtgrijs, olijfgroen, marineblauw, bordeauxrood, Beige, lichtroze, zalmroze, mosgroen",,,,,,,,Home > Hijab & hijab accessoires > Hoofddoeken,,EUR,,,Vierkante Pashmina hoofddoek met een afgeronde hoek. De stof is op dezelfde manier gemaakt als de welbekende Pashmina sjaal. Deze hoofddoek heeft geen sliertjes.,,,,,,,,,,https://static.itijara.eu/1644-large_default/pashmina-hoofddoek.jpg,1,,,,Pashmina Hoofddoek,,,1,,"5,95",4.76,,None,172,,,,,,,https://www.libasi.nl/hoofddoeken/883-541-pashmina-hoofddoek.html#/172-kleur-marineblauw,,,
,,Kleur,"Zwart, donkerblauw, lichtgrijs, marineblauw, bordeauxrood, Wit, Gebroken wit, lichtroze, okergeel, Donkerrood, Grijs, donkerbeige, Rusty, Rood, DonkerPetrol, Poederroze, Jeansblauw, Donkeroranje",,,,,,,,Home > Hijab & hijab accessoires > Sjaals,,EUR,,,Wintersjaal gemaakt van 20% wol en 80 % Acryl,,,,,,,,,,"https://static.itijara.eu/10219-medium_default/pashmina-zonder-touwtjes-winter.jpg,https://static.itijara.eu/6135-medium_default/pashmina-zonder-touwtjes-winter.jpg,https://static.itijara.eu/6137-medium_default/pashmina-zonder-touwtjes-winter.jpg,https://static.itijara.eu/6138-medium_default/pashmina-zonder-touwtjes-winter.jpg,https://static.itijara.eu/6139-medium_default/pashmina-zonder-touwtjes-winter.jpg,https://static.itijara.eu/6140-medium_default/pashmina-zonder-touwtjes-winter.jpg,https://static.itijara.eu/10219-large_default/pashmina-zonder-touwtjes-winter.jpg,https://static.itijara.eu/6135-large_default/pashmina-zonder-touwtjes-winter.jpg,https://static.itijara.eu/6137-large_default/pashmina-zonder-touwtjes-winter.jpg",1,,,,Pashmina Zonder Touwtjes - Winter,,,1,,"4,95",4.46,,None,158,,,,,,,https://www.libasi.nl/sjaals/3484-1558-pashmina-zonder-touwtjes-winter.html#/158-kleur-zwart,,,
,,Maat,"XS/S, M/L",,,,,,,,Home > Hijab & hijab accessoires > Instant & Amira,,EUR,,,"Originele Nike Hoofddoek Materiaal buitenlaag: 92% polyester, 8% elastaan Materiaalverwerking: Mesh Wasvoorschrift: Niet geschikt voor de droger, machinewas tot 30°C, niet strijken",,,,,,,,,,"https://static.itijara.eu/5753-medium_default/nike-sporthoofddoek.jpg,https://static.itijara.eu/5754-medium_default/nike-sporthoofddoek.jpg,https://static.itijara.eu/5753-large_default/nike-sporthoofddoek.jpg,https://static.itijara.eu/5754-large_default/nike-sporthoofddoek.jpg",,,,,Nike Sporthoofddoek,,,1,,"35,00",31.5,,None,393,,,,,,,https://www.libasi.nl/instant-amira/3243-1321-nike-sporthoofddoek.html#/393-dubbelmaat-xs_s,,,
,,None,,,,,,,,,Home > Hijab & hijab accessoires > Hoofddoeken,,EUR,,,,,,,,,,,,,https://static.itijara.eu/10281-large_default/satijnen-hoofddoek-met-print-roze.jpg,,,,,Satijnen Hoofddoek met Print Roze,,,1,,None,4.95,,None,6012,,,,,,,https://www.libasi.nl/hoofddoeken/6012-satijnen-hoofddoek-met-print-roze.html,,,
,,Kleur,"donkerpaars, lichtgrijs, donkerbruin, turquoise, Dieprose, okergeel, roestbruin, lichtblauw, mosgroen, Rusty, Rood",,,,,,,,Home > Hijab & hijab accessoires > Kapjes & Mouwtjes,,EUR,,,"Wij verkopen de ninja kapjes nu ook van het merk Escardin. Escardin is een Turkse Bedrijf die gewone kapjes en hoofddoeken maakt, maar dan van top kwaliteit. U krijgt een betere kwaliteit dan de kapjes van veel Chinese bedrijven.",,,,,,,,,,https://static.itijara.eu/5431-large_default/escardin-ninja-kapje.jpg,,,,,Escardin Ninja Kapje,,,1,,"3,50",3.15,,None,161,,,,,,,https://www.libasi.nl/kapjes-mouwtjes/3022-1151-escardin-ninja-kapje.html#/161-kleur-donkerpaars,,,
,,Kleur,"donkerblauw, lichtgroen",,,,,,,,Home > Hijab & hijab accessoires > Sjaals,,EUR,,,Mooie luxe chiffon sjaal met 2 kwastjes.,,,,,,,,,,"https://static.itijara.eu/5101-medium_default/chiffon-sjaal-met-kwastjes.jpg,https://static.itijara.eu/1591-medium_default/chiffon-sjaal-met-kwastjes.jpg,https://static.itijara.eu/5100-medium_default/chiffon-sjaal-met-kwastjes.jpg,https://static.itijara.eu/1589-medium_default/chiffon-sjaal-met-kwastjes.jpg,https://static.itijara.eu/1590-medium_default/chiffon-sjaal-met-kwastjes.jpg,https://static.itijara.eu/1584-medium_default/chiffon-sjaal-met-kwastjes.jpg,https://static.itijara.eu/1585-medium_default/chiffon-sjaal-met-kwastjes.jpg,https://static.itijara.eu/1587-medium_default/chiffon-sjaal-met-kwastjes.jpg,https://static.itijara.eu/1586-medium_default/chiffon-sjaal-met-kwastjes.jpg,https://static.itijara.eu/1588-medium_default/chiffon-sjaal-met-kwastjes.jpg,https://static.itijara.eu/5101-large_default/chiffon-sjaal-met-kwastjes.jpg,https://static.itijara.eu/1591-large_default/chiffon-sjaal-met-kwastjes.jpg,https://static.itijara.eu/5100-large_default/chiffon-sjaal-met-kwastjes.jpg",,,,,chiffon sjaal met kwastjes,,,1,,"5,95",4.76,,None,159,,,"sjaal,
                ,chiffon,
                ,luxe,
                ,kwastjes,
                ",,,,https://www.libasi.nl/sjaals/859-386-chiffon-sjaal-met-kwastjes.html#/159-kleur-donkerblauw,,,
,,Kleur,"turquoise, lichtbruin, Taupe, okergeel, Grijs",,,,,,,,Home > Hijab & hijab accessoires > Kapjes & Mouwtjes,,EUR,,,Ninja Kapje Climafit heeft aan de achterkant gaasstof zodat het kapje luchtiger zit en minder warm is.,,,,,,,,,,https://static.itijara.eu/4971-large_default/kapje-climafit.jpg,1,,,,Kapje - Climafit,,,1,,"5,00",4.5,,Ninja Kapje Climafit heeft aan de achterkant gaasstof zodat het kapje luchtiger zit en minder warm is.,197,,,,,,,https://www.libasi.nl/kapjes-mouwtjes/2871-739-kapje-climafit.html#/197-kleur-okergeel,,,
,,None,,,,,,,,,Home > Hijab & hijab accessoires > Hoofddoeken,,EUR,,,,,,,,,,,,,https://static.itijara.eu/10345-large_default/hoofddoek-amira-winter-eendelig-.jpg,,,,,Hoofddoek Amira Winter - Eendelig,,,1,,None,3.95,,"Mooie winter Amira van dikkere licht gemêleerde stof. Doordat de stof wat dikker is, maar toch erg soepel, blijft de amira goed zijn vorm houden. Hij zit ook erg lekker doordat het een goede elasticiteit heeft.",6066,,,,,,,https://www.libasi.nl/hoofddoeken/6066-hoofddoek-amira-winter-eendelig-.html,,,
,,glitter kleuren,"donkergoud, goudgroen, zwartgoud, grijszilver, zwart, marineblauw, wit, oudroze, rood",,,,,,,,Home > Hijab & hijab accessoires > Sjaals,,EUR,,,Mooie soepele sjaal. Perfect voor een feestje bij een mooie jurk. In verschillende kleuren leverbaar.,,,,,,,,,,"https://static.itijara.eu/10202-medium_default/glitter-feestjaal.jpg,https://static.itijara.eu/1608-medium_default/glitter-feestjaal.jpg,https://static.itijara.eu/1607-medium_default/glitter-feestjaal.jpg,https://static.itijara.eu/1610-medium_default/glitter-feestjaal.jpg,https://static.itijara.eu/1609-medium_default/glitter-feestjaal.jpg,https://static.itijara.eu/10202-large_default/glitter-feestjaal.jpg,https://static.itijara.eu/1608-large_default/glitter-feestjaal.jpg,https://static.itijara.eu/1607-large_default/glitter-feestjaal.jpg",1,,,,Glitter feestjaal,,,1,,"6,95",3.48,,Mooie soepele sjaal. Perfect voor een feestje bij een mooie jurk.,232,,,"glitter,
                ,sjaal,
                ,feest,
                ,zacht,
                ,glans,
                ,kleuren,
                ",,,,https://www.libasi.nl/sjaals/867-445-glitter-feestjaal.html#/232-kleuren_glitter-oudroze,,,
,,Kleur,"Zwart, donkerblauw, donkergrijs, donkerpaars, lichtgrijs, donkerbruin, turquoise, kobaltblauw, olijfgroen, Donkergrasgroen, Donkergrijspaars, Petrol, oudroze, marineblauw, bordeauxrood, Wit, Beige, Donkerstaalblauw, lilapaars, lichtbruin, Taupe, Gebroken wit, Dieprose, lichtroze, mintgroen, zand, fushiaroze, zalmroze, okergeel, lichtblauw, Bruin, Donkerrood, Roze, lichtgroen, Grijs, donkergroen, Donkerturqoise, Donkerrose, Geel, donkerbeige, Rusty, Donkercyaan, Creme, Paars, Perzikrose, Lichthemelsblauw, Aquamarijn, Rood, Lila, Appelgroen, Oranje, DonkerPetrol, Staalblauw, Geelbruin, donkerlila, babyroze, Donkertaupe, Lichtgeel, Middengrijs, Legergroen, Khaki, Groen, Framboosrood",,,,,,,,Home > Hijab & hijab accessoires > Kapjes & Mouwtjes,,EUR,,,,,,,,,,,,,https://static.itijara.eu/10212-large_default/kapje-lycra.jpg,,,,,Kapje Lycra,,,1,,None,1.95,,Kapje stretch Polyester. Sommige kleuren zijn van het merk Founara en andere zijn van Hajar Mode.,158,,,,,,,https://www.libasi.nl/kapjes-mouwtjes/5981-2521-kapje-lycra.html#/158-kleur-zwart,,,
,,Kleur,"Zwart, donkergrijs, donkerpaars, lichtgrijs, donkerbruin, Petrol, marineblauw, Wit, Taupe, Dieprose, lichtroze, mintgroen, zand, okergeel, Roze, lichtgroen, donkergroen, Rusty, Perzikrose, Aquamarijn",,,,,,,,Home > Hijab & hijab accessoires > Sjaals,,EUR,,,,,,,,,,,,,"https://static.itijara.eu/1641-medium_default/pashmina-sjaal.jpg,https://static.itijara.eu/1640-medium_default/pashmina-sjaal.jpg,https://static.itijara.eu/1641-large_default/pashmina-sjaal.jpg,https://static.itijara.eu/1640-large_default/pashmina-sjaal.jpg",,,,,Pashmina Sjaal,,,1,,None,4.95,,None,158,,,,,,,https://www.libasi.nl/sjaals/880-532-pashmina-sjaal.html#/158-kleur-zwart,,,
,,None,,,,,,,,,Home > Hijab & hijab accessoires > Hoofddoeken,,EUR,,,,,,,,,,,,,https://static.itijara.eu/10284-large_default/satijnen-hoofddoek-met-print-wit.jpg,,,,,Satijnen Hoofddoek met Print Wit,,,1,,None,4.95,,None,6015,,,,,,,https://www.libasi.nl/hoofddoeken/6015-satijnen-hoofddoek-met-print-wit.html,,,
,,Kleur,"Zwart, donkergrijs, lichtgrijs, marineblauw, bordeauxrood, Beige, lichtbruin, Taupe, Gebroken wit, lichtroze, Grijs, Jeansblauw",,,,,,,,Home > Hijab & hijab accessoires > Instant & Amira,,EUR,,,Nieuwe Model Amira met de haarband eraan vastgenaaid. Zie foto 2.,,,,,,,,,,"https://static.itijara.eu/6132-medium_default/amira-eendelig-incl-haarband.jpg,https://static.itijara.eu/6133-medium_default/amira-eendelig-incl-haarband.jpg,https://static.itijara.eu/6124-medium_default/amira-eendelig-incl-haarband.jpg,https://static.itijara.eu/6132-large_default/amira-eendelig-incl-haarband.jpg,https://static.itijara.eu/6133-large_default/amira-eendelig-incl-haarband.jpg,https://static.itijara.eu/6124-large_default/amira-eendelig-incl-haarband.jpg",,,,,Amira Eendelig incl Haarband,,,1,,"4,95",2.48,,None,158,,,,,,,https://www.libasi.nl/instant-amira/3483-1532-amira-eendelig-incl-haarband.html#/158-kleur-zwart,,,
,,Kleur,"donkerpaars, turquoise, bordeauxrood, okergeel, diepzalmroze",,,,,,,,Home > Hijab & hijab accessoires > Kapjes & Mouwtjes,,EUR,,,"Een kapje met aan de achterkant gaasstof. Doordat de gaas meer lucht en zuurstof doorlaat, is dit beter voor de conditie van het haar. Het is heel het jaar handig dus, maar extra handig in de lente en zomermaanden als het ook nog een koelere alternatief is voor de normale kapjes.",,,,,,,,,,"https://static.itijara.eu/7167-medium_default/ninja-kapje-clima-fit.jpg,https://static.itijara.eu/7166-medium_default/ninja-kapje-clima-fit.jpg,https://static.itijara.eu/7168-medium_default/ninja-kapje-clima-fit.jpg,https://static.itijara.eu/7167-large_default/ninja-kapje-clima-fit.jpg,https://static.itijara.eu/7166-large_default/ninja-kapje-clima-fit.jpg,https://static.itijara.eu/7168-large_default/ninja-kapje-clima-fit.jpg",,,,,Ninja Kapje Clima Fit,,,1,,"4,95",4.46,,None,197,,,,,,,https://www.libasi.nl/kapjes-mouwtjes/3021-1143-ninja-kapje-clima-fit.html#/197-kleur-okergeel,,,
,,Kleurcijfer (zie foto),"1, 2, 3, 4, 5, 6, 7, 8, 9, 10, 11, 12, 13, 14, 15, 16, 17, 18, 19, 20, 21, 22, 23, 24, 25, 26, 27, 28, 29, 30",,,,,,,,Home > Hijab & hijab accessoires > Sjaals,,EUR,,,Formaat: 80 x 180 cm Gewicht: 175-190 gram Bijzonderheid: Milieu vriendelijk geproduceerd Materiaal: Modal Katoen,,,,,,,,,,"https://static.itijara.eu/11258-medium_default/libasi-jersey-sjaal.jpg,https://static.itijara.eu/11259-medium_default/libasi-jersey-sjaal.jpg,https://static.itijara.eu/11260-medium_default/libasi-jersey-sjaal.jpg,https://static.itijara.eu/11258-large_default/libasi-jersey-sjaal.jpg,https://static.itijara.eu/11259-large_default/libasi-jersey-sjaal.jpg,https://static.itijara.eu/11260-large_default/libasi-jersey-sjaal.jpg",,,,,Libasi Jersey Sjaal,,,1,,None,3.95,,"Mooie dikke, elastische jersey sjaal.",571,,,,,,,https://www.libasi.nl/sjaals/6559-3273-libasi-jersey-sjaal.html#/571-kleurcijfer_zie_foto-1,,,
,,Kleurcijfer (zie foto),"1, 2, 3, 4, 5, 6, 7, 8, 9, 10, 11, 12, 13, 14, 15, 16, 17, 18, 19, 20, 21, 22, 23, 24, 25, 26, 27, 28, 29, 30, 31, 32, 33, 34, 35, 36, 37, 38, 39, 40, 41, 42, 43, 44, 45, 46, 47, 48, 49, 50, 51, 52, 53, 54, 55, 56",,,,,,,,Home > Hijab & hijab accessoires > Sjaals,,EUR,,,,,,,,,,,,,"https://static.itijara.eu/11250-medium_default/libasi-skin-hijab.jpg,https://static.itijara.eu/11257-medium_default/libasi-skin-hijab.jpg,https://static.itijara.eu/11256-medium_default/libasi-skin-hijab.jpg,https://static.itijara.eu/11251-medium_default/libasi-skin-hijab.jpg,https://static.itijara.eu/11253-medium_default/libasi-skin-hijab.jpg,https://static.itijara.eu/11254-medium_default/libasi-skin-hijab.jpg,https://static.itijara.eu/11255-medium_default/libasi-skin-hijab.jpg,https://static.itijara.eu/11250-large_default/libasi-skin-hijab.jpg,https://static.itijara.eu/11257-large_default/libasi-skin-hijab.jpg,https://static.itijara.eu/11256-large_default/libasi-skin-hijab.jpg",,,,,Libasi Skin Hijab,,,1,,None,2.95,,De populairste sjaal op dit moment. in maar liefst 56 kleuren te koop.,571,,,,,,,https://www.libasi.nl/sjaals/6558-3217-libasi-skin-hijab.html#/571-kleurcijfer_zie_foto-1,,,
,,Kleur,"Roze, Donkerrose, Paars",,,,,,,,Home > Hijab & hijab accessoires > Sjaals,,EUR,,,,,,,,,,,,,"https://static.itijara.eu/10215-medium_default/sjaal-satijn-stretch-strepen.jpg,https://static.itijara.eu/10216-medium_default/sjaal-satijn-stretch-strepen.jpg,https://static.itijara.eu/10215-large_default/sjaal-satijn-stretch-strepen.jpg,https://static.itijara.eu/10216-large_default/sjaal-satijn-stretch-strepen.jpg",,,,,Sjaal Satijn Stretch Strepen,,,1,,None,7.95,,Sjaal van zeer goede kwaliteit. Een van de beste kwaliteit stof. Mooi Glanzend met een zeer zachte en soepele stretch in de stof. Heel netjes afgewerkt.,296,,,,,,,https://www.libasi.nl/sjaals/5982-2611-sjaal-satijn-stretch-strepen.html#/296-kleur-paars,,,
,,Kleur,"Zwart, donkerpaars, donkerbruin, kobaltblauw, Donkergrasgroen, oudroze, marineblauw, bordeauxrood, Wit, lichtbruin, Taupe, zand, okergeel, Roze, Donkerrose, Rusty, Donkercyaan, Rood, DonkerPetrol, Grijspaars, Middengrijs, Indisch Rood, Khaki, Oranje-Rood",,,,,,,,Home > Hijab & hijab accessoires > Sjaals,,EUR,,,Formaat: 85 x 180 cm Gewicht: 160 gram Materiaal: Chiffon,,,,,,,,,,"https://static.itijara.eu/11216-medium_default/pleated-hijab.jpg,https://static.itijara.eu/11217-medium_default/pleated-hijab.jpg,https://static.itijara.eu/11218-medium_default/pleated-hijab.jpg,https://static.itijara.eu/11219-medium_default/pleated-hijab.jpg,https://static.itijara.eu/11220-medium_default/pleated-hijab.jpg,https://static.itijara.eu/11221-medium_default/pleated-hijab.jpg,https://static.itijara.eu/11216-large_default/pleated-hijab.jpg,https://static.itijara.eu/11217-large_default/pleated-hijab.jpg,https://static.itijara.eu/11218-large_default/pleated-hijab.jpg",,,,,Pleated Hijab,,,1,,None,4.95,,Een trend uit Maleisië. Mooie soepele Chiffon Hoofddoek met een ribbel. De ribbel is aan de ene kant met erg weinig ruimte er tussen en aan de andere kant met steeds meer ruimte.,158,,,,,,,https://www.libasi.nl/sjaals/6553-2947-pleated-hijab.html#/158-kleur-zwart,,,
,,Kleur,"Zwart, donkerblauw, donkergrijs, donkerpaars, lichtgrijs, donkerbruin, kobaltblauw, Donkergrasgroen, oudroze, marineblauw, bordeauxrood, Taupe, Gebroken wit, Dieprose, zand, zalmroze, Perzikrose, Rood, Staalblauw, babyroze",,,,,,,,Home > Hijab & hijab accessoires > Sjaals,,EUR,,,"Formaat: 72 x 170 cm Gewicht: 145-150 gram Bijzonderheid: De steentje zijn er doorheen genaaid en er niet opgeplakt, waardoor ze er veel beter opblijven. Materiaal: Bubble Chiffon",,,,,,,,,,"https://static.itijara.eu/11246-medium_default/sjaal-chiffon-parel.jpg,https://static.itijara.eu/11247-medium_default/sjaal-chiffon-parel.jpg,https://static.itijara.eu/11248-medium_default/sjaal-chiffon-parel.jpg,https://static.itijara.eu/11249-medium_default/sjaal-chiffon-parel.jpg,https://static.itijara.eu/11246-large_default/sjaal-chiffon-parel.jpg,https://static.itijara.eu/11247-large_default/sjaal-chiffon-parel.jpg,https://static.itijara.eu/11248-large_default/sjaal-chiffon-parel.jpg",,,,,Sjaal Chiffon Parel,,,1,,None,4.95,,Chiffon Crepe sjaal met mooie pareltjes. Om en om eerst een pareltje en daarna een gouden steentje.,158,,,,,,,https://www.libasi.nl/sjaals/6557-3030-sjaal-chiffon-parel.html#/158-kleur-zwart,,,
,,Kleur,"Zwart, donkerblauw, lichtgrijs, kobaltblauw, olijfgroen, Donkergrasgroen, oudroze, marineblauw, Dieprose, zand, zalmroze, okergeel, Donkerrood, Donkerrose, Creme, Perzikrose, Rood, Staalblauw, Cyaan",,,,,,,,Home > Hijab & hijab accessoires > Sjaals,,EUR,,,Materiaal: Mix van Zijde en Satijn Formaat: 75 x 180 cm Gewicht: 150 gram,,,,,,,,,,"https://static.itijara.eu/11161-medium_default/libasi-glanzende-sjaal.jpg,https://static.itijara.eu/11162-medium_default/libasi-glanzende-sjaal.jpg,https://static.itijara.eu/11163-medium_default/libasi-glanzende-sjaal.jpg,https://static.itijara.eu/11164-medium_default/libasi-glanzende-sjaal.jpg,https://static.itijara.eu/11165-medium_default/libasi-glanzende-sjaal.jpg,https://static.itijara.eu/11161-large_default/libasi-glanzende-sjaal.jpg,https://static.itijara.eu/11162-large_default/libasi-glanzende-sjaal.jpg,https://static.itijara.eu/11163-large_default/libasi-glanzende-sjaal.jpg",,,,,Libasi Glanzende Sjaal,,,1,,None,7.5,,"Sjaal met Zijde Satijn-achtige glans die de hoofddoek een luxe uitstraling geeft. De Hoofddoek is hierdoor geschikt voor feestjes, maar niet te glanzend voor dagelijks gebruik. De glans geeft eerdere een chique uitstraling dan een feestelijke.",158,,,,,,,https://www.libasi.nl/sjaals/6537-2898-libasi-glanzende-sjaal.html#/158-kleur-zwart,,,
,,Kleur,"Zwart, donkergrijs, lichtgrijs, donkerbruin, kobaltblauw, Donkergrasgroen, Petrol, oudroze, marineblauw, bordeauxrood, Wit, Donkerstaalblauw, Dieprose, mintgroen, zand, fushiaroze, Geel, donkerbeige, Rusty, Creme, Perzikrose, Rood, babyroze",,,,,,,,Home > Hijab & hijab accessoires > Sjaals,,EUR,,,"Formaat: 90 x 180 cm Gewicht: 90-95 gram Bijzonderheid: Linnen structuur, Milieu vriendelijk geproduceerd Materiaal: Polyester Viscose & Katoen",,,,,,,,,,"https://static.itijara.eu/11191-medium_default/linnen-sjaal.jpg,https://static.itijara.eu/11192-medium_default/linnen-sjaal.jpg,https://static.itijara.eu/11193-medium_default/linnen-sjaal.jpg,https://static.itijara.eu/11194-medium_default/linnen-sjaal.jpg,https://static.itijara.eu/11195-medium_default/linnen-sjaal.jpg,https://static.itijara.eu/11196-medium_default/linnen-sjaal.jpg,https://static.itijara.eu/11191-large_default/linnen-sjaal.jpg,https://static.itijara.eu/11192-large_default/linnen-sjaal.jpg,https://static.itijara.eu/11193-large_default/linnen-sjaal.jpg",,,,,Linnen Sjaal,,,1,,None,4.95,,Katoenen sjaal met mooi gebreide versiering en leuke kwastjes. Speciale sjaal met leuke franjes.,158,,,,,,,https://www.libasi.nl/sjaals/6546-2930-linnen-sjaal.html#/158-kleur-zwart,,,
,,Kleur,"Zwart, donkerpaars, lichtgrijs, donkerbruin, turquoise, kobaltblauw, Petrol, oudroze, marineblauw, bordeauxrood, Wit, Donkerstaalblauw, lichtbruin, Dieprose, lichtroze, zand, fushiaroze, okergeel, lichtblauw, Bruin, Donkerrood, Roze, donkergroen, donkerbeige, Creme, Rood, Lila, babyroze, Middengrijs, Gemêleerd Lichtgrijs",,,,,,,,Home > Hijab & hijab accessoires > Sjaals,,EUR,,,,,,,,,,,,,"https://static.itijara.eu/11231-medium_default/jersey-sjaal-ribbel.jpg,https://static.itijara.eu/11240-medium_default/jersey-sjaal-ribbel.jpg,https://static.itijara.eu/11232-medium_default/jersey-sjaal-ribbel.jpg,https://static.itijara.eu/11233-medium_default/jersey-sjaal-ribbel.jpg,https://static.itijara.eu/11234-medium_default/jersey-sjaal-ribbel.jpg,https://static.itijara.eu/11235-medium_default/jersey-sjaal-ribbel.jpg,https://static.itijara.eu/11236-medium_default/jersey-sjaal-ribbel.jpg,https://static.itijara.eu/11237-medium_default/jersey-sjaal-ribbel.jpg,https://static.itijara.eu/11238-medium_default/jersey-sjaal-ribbel.jpg,https://static.itijara.eu/11239-medium_default/jersey-sjaal-ribbel.jpg,https://static.itijara.eu/11241-medium_default/jersey-sjaal-ribbel.jpg,https://static.itijara.eu/11231-large_default/jersey-sjaal-ribbel.jpg,https://static.itijara.eu/11240-large_default/jersey-sjaal-ribbel.jpg,https://static.itijara.eu/11232-large_default/jersey-sjaal-ribbel.jpg",,,,,Jersey Sjaal Ribbel,,,1,,None,4.95,,None,158,,,,,,,https://www.libasi.nl/sjaals/6555-2983-jersey-sjaal-ribbel.html#/158-kleur-zwart,,,
,,Kleur,"Zwart, donkergrijs, donkerpaars, lichtgrijs, Donkergrasgroen, Wit, lichtbruin, Bruin, Donkerrood, Donkerrose, babyroze, Khaki",,,,,,,,Home > Hijab & hijab accessoires > Sjaals,,EUR,,,,,,,,,,,,,"https://static.itijara.eu/10210-medium_default/silk-look-pashmina-sjaal.jpg,https://static.itijara.eu/10201-medium_default/silk-look-pashmina-sjaal.jpg,https://static.itijara.eu/10210-large_default/silk-look-pashmina-sjaal.jpg,https://static.itijara.eu/10201-large_default/silk-look-pashmina-sjaal.jpg",,,,,Silk Look Pashmina Sjaal,,,1,,None,7.5,,"Mooie dunne Pashmina sjaal, gemaakt van ondoorzichtige stevige, maar zachte stof. De sjaal heeft een zeer mooie en luxe zijdeglans.",158,,,,,,,https://www.libasi.nl/sjaals/5978-2508-silk-look-pashmina-sjaal.html#/158-kleur-zwart,,,
,,Kleur,"Zwart, oudroze, marineblauw, lichtbruin, Donkerrood, Staalblauw",,,,,,,,Home > Hijab & hijab accessoires > Sjaals,,EUR,,,,,,,,,,,,,"https://static.itijara.eu/10276-medium_default/sjaal-motief-bloemen.jpg,https://static.itijara.eu/10277-medium_default/sjaal-motief-bloemen.jpg,https://static.itijara.eu/10276-large_default/sjaal-motief-bloemen.jpg,https://static.itijara.eu/10277-large_default/sjaal-motief-bloemen.jpg",,,,,Sjaal Motief Bloemen,,,1,,None,4.95,,None,158,,,,,,,https://www.libasi.nl/sjaals/6009-2677-sjaal-motief-bloemen.html#/158-kleur-zwart,,,
,,Kleur,"donkergrijs, lichtgrijs, lichtbruin, Taupe, zand, Bruin, Donkerrood, lichtgroen, Khaki",,,,,,,,Home > Hijab & hijab accessoires > Sjaals,,EUR,,,,,,,,,,,,,"https://static.itijara.eu/10204-medium_default/sjaal-ribbel-stretch-premium.jpg,https://static.itijara.eu/10207-medium_default/sjaal-ribbel-stretch-premium.jpg,https://static.itijara.eu/10205-medium_default/sjaal-ribbel-stretch-premium.jpg,https://static.itijara.eu/10206-medium_default/sjaal-ribbel-stretch-premium.jpg,https://static.itijara.eu/10204-large_default/sjaal-ribbel-stretch-premium.jpg,https://static.itijara.eu/10207-large_default/sjaal-ribbel-stretch-premium.jpg,https://static.itijara.eu/10205-large_default/sjaal-ribbel-stretch-premium.jpg",,,,,Sjaal Ribbel Stretch Premium,,,1,,None,7.95,,Kwalitatieve stretch sjaal met een mooie ribbelstructuur. De sjaal is van het in Turkije bekende A merk voor hoofddoeken,160,,,,,,,https://www.libasi.nl/sjaals/5979-2501-sjaal-ribbel-stretch-premium.html#/160-kleur-donkergrijs,,,
,,Kleur,"Zwart, donkergrijs, lichtgrijs, Donkergrijspaars, marineblauw, lichtbruin, Gebroken wit, zand, Donkerrood, Roze, lichtgroen, Creme, Staalblauw, babyroze, Indisch Rood, Legergroen, Khaki",,,,,,,,Home > Hijab & hijab accessoires > Sjaals,,EUR,,,,,,,,,,,,,"https://static.itijara.eu/10163-medium_default/pom-pom-sjaal.jpg,https://static.itijara.eu/10164-medium_default/pom-pom-sjaal.jpg,https://static.itijara.eu/10165-medium_default/pom-pom-sjaal.jpg,https://static.itijara.eu/10166-medium_default/pom-pom-sjaal.jpg,https://static.itijara.eu/10168-medium_default/pom-pom-sjaal.jpg,https://static.itijara.eu/10169-medium_default/pom-pom-sjaal.jpg,https://static.itijara.eu/10170-medium_default/pom-pom-sjaal.jpg,https://static.itijara.eu/10163-large_default/pom-pom-sjaal.jpg,https://static.itijara.eu/10164-large_default/pom-pom-sjaal.jpg,https://static.itijara.eu/10165-large_default/pom-pom-sjaal.jpg",,,,,Pom Pom Sjaal,,,1,,None,4.95,,Nieuwe (2020) Model Pom Pom Sjaal. Wereldwijde Hoofddoek trend.,158,,,,,,,https://www.libasi.nl/sjaals/5961-2337-pom-pom-sjaal.html#/158-kleur-zwart,,,
,,Kleur,"Zwart, lichtgrijs, marineblauw, Wit, Taupe, donkerbeige, Poederroze",,,,,,,,Home > Hijab & hijab accessoires > Sjaals,,EUR,,,,,,,,,,,,,"https://static.itijara.eu/6115-medium_default/sjaal-glitter-haartjes.jpg,https://static.itijara.eu/6116-medium_default/sjaal-glitter-haartjes.jpg,https://static.itijara.eu/6115-large_default/sjaal-glitter-haartjes.jpg,https://static.itijara.eu/6116-large_default/sjaal-glitter-haartjes.jpg",,,,,Sjaal Glitter Haartjes,,,1,,"6,95",6.26,,None,158,,,,,,,https://www.libasi.nl/sjaals/3479-1465-sjaal-glitter-haartjes.html#/158-kleur-zwart,,,
,,Kleur,"zilver, goud",,,,,,,,Home > Hijab & hijab accessoires > Sjaals,,EUR,,,Pashmina met zijde-look. ideaal voor op een feest.,,,,,,,,,,https://static.itijara.eu/5018-large_default/pashmina-glans.jpg,,,,,Pashmina Glans,,,1,,None,6,,Pashmina met zijde-look. ideaal voor op een feest.,244,,,,,,,https://www.libasi.nl/sjaals/2878-773-pashmina-glans.html#/244-kleur-goud,,,
,,Kleur,"Zwart, lichtgrijs, kobaltblauw, Donkergrasgroen, oudroze, marineblauw, bordeauxrood, Wit, Beige, Gebroken wit, Dieprose, mintgroen, zand, zalmroze, okergeel, Grijs, Donkercyaan, Perzikrose, Rood, Staalblauw, Grijspaars, babyroze, Legergroen, Khaki, Nachtblauw, Cyaan",,,,,,,,Home > Hijab & hijab accessoires > Sjaals,,EUR,,,,,,,,,,,,,"https://static.itijara.eu/10211-medium_default/zijdeglans-sjaal.jpg,https://static.itijara.eu/11043-medium_default/zijdeglans-sjaal.jpg,https://static.itijara.eu/10200-medium_default/zijdeglans-sjaal.jpg,https://static.itijara.eu/10203-medium_default/zijdeglans-sjaal.jpg,https://static.itijara.eu/10211-large_default/zijdeglans-sjaal.jpg,https://static.itijara.eu/11043-large_default/zijdeglans-sjaal.jpg,https://static.itijara.eu/10200-large_default/zijdeglans-sjaal.jpg",,,,,Zijdeglans Sjaal,,,1,,None,5.95,,Zeer mooie en luxe sjaal met een zijdeglans. De stof heeft sterke gelijkenissen met authentieke zijde en is anders dan de glans van satijn.,158,,,,,,,https://www.libasi.nl/sjaals/5976-2493-zijdeglans-sjaal.html#/158-kleur-zwart,,,
,,Kleur,"Zwart, lichtbruin",,,,,,,,Home > Hijab & hijab accessoires > Sjaals,,EUR,,,Pashmina Sjaal met mooie versiering erop geborduurd.,,,,,,,,,,"https://static.itijara.eu/6112-medium_default/pashmina-sjaal-geborduurd.jpg,https://static.itijara.eu/6111-medium_default/pashmina-sjaal-geborduurd.jpg,https://static.itijara.eu/6110-medium_default/pashmina-sjaal-geborduurd.jpg,https://static.itijara.eu/6112-large_default/pashmina-sjaal-geborduurd.jpg,https://static.itijara.eu/6111-large_default/pashmina-sjaal-geborduurd.jpg,https://static.itijara.eu/6110-large_default/pashmina-sjaal-geborduurd.jpg",,,,,Pashmina Sjaal - Geborduurd,,,1,,"3,95",3.56,,None,158,,,,,,,https://www.libasi.nl/sjaals/3477-1437-pashmina-sjaal-geborduurd.html#/158-kleur-zwart,,,
,,Kleur,"donkerpaars, lichtgrijs, Beige, Gebroken wit, mosgroen",,,,,,,,Home > Hijab & hijab accessoires > Sjaals,,EUR,,,"Jersey sjaal met een licht glanzende stof. Het gaat hier om een stretch stof (zoals andere jersey). Het is een zeer stevige, kwalitatieve stof met een zeer goede stretch.",,,,,,,,,,"https://static.itijara.eu/6120-medium_default/jersey-sjaal-glans.jpg,https://static.itijara.eu/6121-medium_default/jersey-sjaal-glans.jpg,https://static.itijara.eu/6122-medium_default/jersey-sjaal-glans.jpg,https://static.itijara.eu/6120-large_default/jersey-sjaal-glans.jpg,https://static.itijara.eu/6121-large_default/jersey-sjaal-glans.jpg,https://static.itijara.eu/6122-large_default/jersey-sjaal-glans.jpg",,,,,Jersey Sjaal - Glans,,,1,,"5,95",5.36,,None,162,,,,,,,https://www.libasi.nl/sjaals/3482-1513-jersey-sjaal-glans.html#/162-kleur-lichtgrijs,,,
,,Kleur,"Donkergrasgroen, donkergroen",,,,,,,,Home > Hijab & hijab accessoires > Sjaals,,EUR,,,"Mooie Sjaal met een heel erg licht glans, wat het een luxere uitstraling geeft.",,,,,,,,,,https://static.itijara.eu/5450-large_default/sjaal-ribbel-met-lichte-glans.jpg,,,,,Sjaal Ribbel met Lichte Glans,,,1,,"5,00",4.5,,None,212,,,,,,,https://www.libasi.nl/sjaals/3036-1214-sjaal-ribbel-met-lichte-glans.html#/212-kleur-donkergroen,,,
,,Kleur,"Zwart, marineblauw, Wit, Donkerrood, Rood",,,,,,,,Home > Hijab & hijab accessoires > Sjaals,,EUR,,,,,,,,,,,,,"https://static.itijara.eu/4974-medium_default/pashmina-haartjes.jpg,https://static.itijara.eu/4975-medium_default/pashmina-haartjes.jpg,https://static.itijara.eu/4974-large_default/pashmina-haartjes.jpg,https://static.itijara.eu/4975-large_default/pashmina-haartjes.jpg",1,,,,Pashmina - Haartjes,,,1,,None,5.5,,Pashmina met kleine zachte haartjes in plaats van de gebruikelijke touwtjes.,302,,,,,,,https://www.libasi.nl/sjaals/2872-745-pashmina-haartjes.html#/302-kleur-rood,,,
,,Kleur,"Zwart, kobaltblauw, Petrol, bordeauxrood, Wit, Taupe, Dieprose, zalmroze, lichtblauw, Bruin, donkergroen, Geel, Creme, Paars, Perzikrose, Rood, Lila, Appelgroen, babyroze, Gemêleerd Lichtgrijs",,,,,,,,Home > Hijab & hijab accessoires > Kapjes & Mouwtjes,,EUR,,,Formaat: 24 x 30 cm Gewicht: 30 gram Bijzonderheid: Extra goede kwaliteit Materiaal: Modal,,,,,,,,,,"https://static.itijara.eu/11242-medium_default/libasi-haarband-kapje.jpg,https://static.itijara.eu/11245-medium_default/libasi-haarband-kapje.jpg,https://static.itijara.eu/11242-large_default/libasi-haarband-kapje.jpg,https://static.itijara.eu/11245-large_default/libasi-haarband-kapje.jpg",,,,,Libasi Haarband Kapje,,,1,,None,2.5,,"Deze haarband hebben wij zelf en speciaal geïmporteerd, vanwege zijn goede kwaliteit. Het is dus van betere kwaliteit dan u ergens anders in Nederland kan vinden. De normale haarbanden verkopen wij ook en zijn van mindere kwaliteit en dus ook goedkoper:",158,,,,,,,https://www.libasi.nl/kapjes-mouwtjes/6556-3010-libasi-haarband-kapje.html#/158-kleur-zwart,,,
,,Kleur,"Zwart, donkerblauw, donkergrijs, donkerpaars, lichtgrijs, donkerbruin, turquoise, kobaltblauw, olijfgroen, Donkergrasgroen, Donkergrijspaars, Petrol, marineblauw, bordeauxrood, Wit, Donkerstaalblauw, lichtbruin, Dieprose, zeegroen, zalmroze, Bruin, Grijs, donkergroen, Perzikrose, Lichtstaalblauw, Rood, Appelgroen, Oranje, Grijspaars, Lichtgeel, Framboosrood",,,,,,,,Home > Hijab & hijab accessoires > Sjaals,,EUR,,,,,,,,,,,,,"https://static.itijara.eu/1642-medium_default/sjaal-crepe-chiffon.jpg,https://static.itijara.eu/10195-medium_default/sjaal-crepe-chiffon.jpg,https://static.itijara.eu/1642-large_default/sjaal-crepe-chiffon.jpg,https://static.itijara.eu/10195-large_default/sjaal-crepe-chiffon.jpg",,,,,Sjaal Crepe Chiffon,,,1,,None,3.95,,None,158,,,,,,,https://www.libasi.nl/sjaals/881-534-sjaal-crepe-chiffon.html#/158-kleur-zwart,,,
,,Kleur,"Zwart, donkergrijs, lichtgrijs, marineblauw, lichtroze, mosgroen, donkerbeige",,,,,,,,Home > Hijab & hijab accessoires > Sjaals,,EUR,,,Chiffon sjaal met een lichte gouden glitter.,,,,,,,,,,"https://static.itijara.eu/5471-medium_default/sjaal-chiffon-met-glitter.jpg,https://static.itijara.eu/7182-medium_default/sjaal-chiffon-met-glitter.jpg,https://static.itijara.eu/7183-medium_default/sjaal-chiffon-met-glitter.jpg,https://static.itijara.eu/5471-large_default/sjaal-chiffon-met-glitter.jpg,https://static.itijara.eu/7182-large_default/sjaal-chiffon-met-glitter.jpg,https://static.itijara.eu/7183-large_default/sjaal-chiffon-met-glitter.jpg",1,,,,Sjaal Chiffon met Glitter,,,1,,"5,00",4.5,,None,158,,,,,,,https://www.libasi.nl/sjaals/3047-1217-sjaal-chiffon-met-glitter.html#/158-kleur-zwart,,,
,,None,,,,,,,,,Home > Hijab & hijab accessoires > Hoofddoeken,,EUR,,,,,,,,,,,,,https://static.itijara.eu/10280-large_default/satijnen-hoofddoek-met-print-lichtgrijs.jpg,,,,,Satijnen Hoofddoek met Print Lichtgrijs,,,1,,None,4.95,,None,6011,,,,,,,https://www.libasi.nl/hoofddoeken/6011-satijnen-hoofddoek-met-print-lichtgrijs.html,,,
,,Kleur,"Gebroken wit, Geelbruin",,,,,,,,Home > Hijab & hijab accessoires > Sjaals,,EUR,,,,,,,,,,,,,"https://static.itijara.eu/6118-medium_default/jersey-sjaal-met-parels.jpg,https://static.itijara.eu/6119-medium_default/jersey-sjaal-met-parels.jpg,https://static.itijara.eu/6118-large_default/jersey-sjaal-met-parels.jpg,https://static.itijara.eu/6119-large_default/jersey-sjaal-met-parels.jpg",1,,,,Jersey Sjaal met Parels,,,1,,"4,95",4.46,,None,396,,,,,,,https://www.libasi.nl/sjaals/3481-1501-jersey-sjaal-met-parels.html#/396-kleur-geelbruin,,,
,,Hoofddoek Kleur,"Zwart, Beige, Fushia, Donkerstaalblauw, Khaki, Dieproze, Kobaltblauw, Donkerrood, Aubergine, Marineblauw, Lichtgrijs, Donkergroen, Taupe, Perzikroze, Rood, Zalmroze, Babyblauw, Okergeel, Donkergrasgroen, Oudroze, Paars, Lichtbruin, Donkerbruin, Donkergrijs",,,,,,,,Home > Hijab & hijab accessoires > Instant & Amira,,EUR,,,Formaat: 180 x 75 cm Gewicht: 130 gram  ,,,,,,,,,,"https://static.itijara.eu/10399-medium_default/instant-hijab-chiffon-.jpg,https://static.itijara.eu/10400-medium_default/instant-hijab-chiffon-.jpg,https://static.itijara.eu/10401-medium_default/instant-hijab-chiffon-.jpg,https://static.itijara.eu/10402-medium_default/instant-hijab-chiffon-.jpg,https://static.itijara.eu/10403-medium_default/instant-hijab-chiffon-.jpg,https://static.itijara.eu/10399-large_default/instant-hijab-chiffon-.jpg,https://static.itijara.eu/10400-large_default/instant-hijab-chiffon-.jpg,https://static.itijara.eu/10401-large_default/instant-hijab-chiffon-.jpg",,,,,Instant Hijab Chiffon,,,1,,None,7.95,,"Deze instant hoofddoek van mooie chiffon stof is een ""double loop"" variant. De hoofddoek is namelijk aan 2 kanten genaaid (zie filmpje), waardoor het een mooier en specialer model is dan de reguliere instant hijab.",516,,,,,,,https://www.libasi.nl/instant-amira/6103-2718-instant-hijab-chiffon-.html#/516-libasi_kleur-zwart,,,
,,None,,,,,,,,,Home > Spelden en Sieraden,,EUR,,,,,,,,,,,,,https://static.itijara.eu/10133-large_default/spelden-zilver-kopje.jpg,,,,,Spelden - Zilver Kopje,,,1,,None,1.5,,Klein doosje met neutrale spelden met een zilverkleurige kopje.,5937,,,,,,,https://www.libasi.nl/spelden-en-sieraden/5937-spelden-zilver-kopje.html,,,
,,None,,,,,,,,,Home > Hijab & hijab accessoires > Accessoires,,EUR,,,Marokkaanse ronde Kam. Er word een willekeurige kleur verstuurd.,,,,,,,,,,https://static.itijara.eu/4994-large_default/ronde-kam.jpg,,,,,Ronde Kam,,,1,,"0,50",0.25,,None,2887,,,,,,,https://www.libasi.nl/accessoires/2887-ronde-kam.html,,,
,,Kleur,"Zwart, donkerblauw, donkergrijs, donkerbruin, Donkergrasgroen, Gebroken wit, Donkerrood, donkergroen, Geel, Creme, Paars, Oranje",,,,,,,,Home > Spelden en Sieraden,,EUR,,,,,,,,,,,,,https://static.itijara.eu/10095-large_default/hoofddoek-magneetspeld-glans.jpg,1,,,,Hoofddoek Magneetspeld Glans,,,1,,None,2.5,,None,158,,,,,,,https://www.libasi.nl/spelden-en-sieraden/5909-2281-hoofddoek-magneetspeld-glans.html#/158-kleur-zwart,,,
,,None,,,,,,,,,Home > Spelden en Sieraden,,EUR,,,,,,,,,,,,,https://static.itijara.eu/4293-large_default/kinderarmbandje.jpg,,,,,Kinderarmbandje,,,1,,None,0.95,,Prachtig kinderarmbandje met draaiende figuurtjes. De figuurtjes kunnen op elk willekeurige plek bevestigd worden.,2519,,,"Islam boeken,
                ",,,,https://www.libasi.nl/spelden-en-sieraden/2519-kinderarmbandje.html,,,
,,Kleur,"Zwart, donkerbruin, kobaltblauw, olijfgroen, Wit, Taupe, Dieprose, Creme, Rood, Appelgroen, babyroze",,,,,,,,Home > Spelden en Sieraden,,EUR,,,,,,,,,,,,,"https://static.itijara.eu/10417-medium_default/kersenspeld-hoofddoekspeld.jpg,https://static.itijara.eu/10418-medium_default/kersenspeld-hoofddoekspeld.jpg,https://static.itijara.eu/10419-medium_default/kersenspeld-hoofddoekspeld.jpg,https://static.itijara.eu/10417-large_default/kersenspeld-hoofddoekspeld.jpg,https://static.itijara.eu/10418-large_default/kersenspeld-hoofddoekspeld.jpg,https://static.itijara.eu/10419-large_default/kersenspeld-hoofddoekspeld.jpg",,,,,Kersenspeld - Hoofddoekspeld,,,1,,None,1.5,,None,251,,,,,,,https://www.libasi.nl/spelden-en-sieraden/4069-1780-kersenspeld-hoofddoekspeld.html#/251-kleur-creme,,,
,,Kleur,Gebroken wit,,,,,,,,Home > Spelden en Sieraden,,EUR,,,"Grote veiligheidsspeld. Formaat is ongeveer 7,5 x 2 cm.",,,,,,,,,,"https://static.itijara.eu/10139-medium_default/veiligheidsspeld-xl-parels.jpg,https://static.itijara.eu/6103-medium_default/veiligheidsspeld-xl-parels.jpg,https://static.itijara.eu/6106-medium_default/veiligheidsspeld-xl-parels.jpg,https://static.itijara.eu/10139-large_default/veiligheidsspeld-xl-parels.jpg,https://static.itijara.eu/6103-large_default/veiligheidsspeld-xl-parels.jpg,https://static.itijara.eu/6106-large_default/veiligheidsspeld-xl-parels.jpg",,,,,Veiligheidsspeld XL - Parels,,,1,,None,1.95,,None,189,,,,,,,https://www.libasi.nl/spelden-en-sieraden/3476-2303-veiligheidsspeld-xl-parels.html#/189-kleur-gebroken_wit,,,
,,Kleur,"Zwart, donkerpaars, turquoise, bordeauxrood, Roze, zilver, goud, Geel, Creme",,,,,,,,Home > Spelden en Sieraden,,EUR,,,"Kersenspeld zwart om zonder gat in je hoofddoek, de hoofddoek toch goed vast te maken. Prijs is per stuk.",,,,,,,,,,https://static.itijara.eu/5016-large_default/kersenspeld.jpg,,,,,Kersenspeld,,,1,,None,0.95,,None,158,,,,,,,https://www.libasi.nl/spelden-en-sieraden/2899-1690-kersenspeld.html#/158-kleur-zwart,,,
,,None,,,,,,,,,Home > Spelden en Sieraden,,EUR,,,,,,,,,,,,,https://static.itijara.eu/5017-large_default/doosje-spelden-zwart.jpg,1,,,,Doosje Spelden - Zwart,,,1,,"1,50",1.35,,None,2900,,,,,,,https://www.libasi.nl/spelden-en-sieraden/2900-doosje-spelden-zwart.html,,,
,,None,,,,,,,,,Home > Spelden en Sieraden,,EUR,,,,,,,,,,,,,https://static.itijara.eu/5015-large_default/spelden-zonder-kop.jpg,,,,,Spelden -  Zonder Kop,,,1,,None,1.5,,None,2897,,,,,,,https://www.libasi.nl/spelden-en-sieraden/2897-spelden-zonder-kop.html,,,
,,None,,,,,,,,,Home > Spelden en Sieraden,,EUR,,,6 Veiligheidsspelden om je hoofddoek mee vast te maken.,,,,,,,,,,"https://static.itijara.eu/5014-medium_default/veiligheidsspeld-zwart-wit-neutraal.jpg,https://static.itijara.eu/5013-medium_default/veiligheidsspeld-zwart-wit-neutraal.jpg,https://static.itijara.eu/5014-large_default/veiligheidsspeld-zwart-wit-neutraal.jpg,https://static.itijara.eu/5013-large_default/veiligheidsspeld-zwart-wit-neutraal.jpg",,,,,Veiligheidsspeld Zwart-Wit - Neutraal,,,1,,None,2.5,,None,2896,,,,,,,https://www.libasi.nl/spelden-en-sieraden/2896-veiligheidsspeld-zwart-wit-neutraal.html,,,
,,None,,,,,,,,,Home > Spelden en Sieraden,,EUR,,,Mooie speld om je hoofddoek mee vast te maken. U ontvangt 2 spelden.,,,,,,,,,,https://static.itijara.eu/4989-large_default/veiligheidsspeld-met-steentjes-2-stuks.jpg,,,,,Veiligheidsspeld met Steentjes (2 stuks),,,1,,"0,75",0.38,,None,2883,,,,,,,https://www.libasi.nl/spelden-en-sieraden/2883-veiligheidsspeld-met-steentjes-2-stuks.html,,,
,,Kleur,Zwart,,,,,,,,Home > Spelden en Sieraden,,EUR,,,Sierlijke magneten om je hoofddoek mee vast te maken.,,,,,,,,,,"https://static.itijara.eu/4991-medium_default/hijab-magneten.jpg,https://static.itijara.eu/4992-medium_default/hijab-magneten.jpg,https://static.itijara.eu/4991-large_default/hijab-magneten.jpg,https://static.itijara.eu/4992-large_default/hijab-magneten.jpg",,,,,Hijab Magneten,,,1,,"2,50",2.25,,None,158,,,,,,,https://www.libasi.nl/spelden-en-sieraden/2885-784-hijab-magneten.html#/158-kleur-zwart,,,
,,None,,,,,,,,,Home > Spelden en Sieraden,,EUR,,,Mooie mix van spelden om je hoofddoek mee vast te maken. in een zakje zit 4 spelden.,,,,,,,,,,https://static.itijara.eu/4990-large_default/veiligheidsspelden-steentjes-roodtinten.jpg,,,,,Veiligheidsspelden - steentjes - Roodtinten,,,1,,"1,95",0.98,,None,2884,,,,,,,https://www.libasi.nl/spelden-en-sieraden/2884-veiligheidsspelden-steentjes-roodtinten.html,,,
,,None,,,,,,,,,Home > Spelden en Sieraden,,EUR,,,,,,,,,,,,,https://static.itijara.eu/4988-large_default/veiligheidsspelden-ovaal.jpg,,,,,Veiligheidsspelden - Ovaal,,,1,,None,2.5,,None,2882,,,,,,,https://www.libasi.nl/spelden-en-sieraden/2882-veiligheidsspelden-ovaal.html,,,
,,None,,,,,,,,,Home > Spelden en Sieraden,,EUR,,,8 veiligheidsspelden voor het vastzetten van je hoofddoek of sjaal,,,,,,,,,,https://static.itijara.eu/4983-large_default/hijab-veiligheidsspelden-kleur-8-stuks.jpg,,,,,Hijab Veiligheidsspelden - Kleur (8 stuks),,,1,,None,2.5,,None,2876,,,,,,,https://www.libasi.nl/spelden-en-sieraden/2876-hijab-veiligheidsspelden-kleur-8-stuks.html,,,
,,None,,,,,,,,,Home > Spelden en Sieraden,,EUR,,,Mooie grote Broche.,,,,,,,,,,"https://static.itijara.eu/4977-medium_default/broche-ronde-bloem-1.jpg,https://static.itijara.eu/4978-medium_default/broche-ronde-bloem-1.jpg,https://static.itijara.eu/4979-medium_default/broche-ronde-bloem-1.jpg,https://static.itijara.eu/4980-medium_default/broche-ronde-bloem-1.jpg,https://static.itijara.eu/4981-medium_default/broche-ronde-bloem-1.jpg,https://static.itijara.eu/4982-medium_default/broche-ronde-bloem-1.jpg,https://static.itijara.eu/4977-large_default/broche-ronde-bloem-1.jpg,https://static.itijara.eu/4978-large_default/broche-ronde-bloem-1.jpg,https://static.itijara.eu/4979-large_default/broche-ronde-bloem-1.jpg",1,,,,Broche Ronde Bloem 1,,,1,,None,0,,None,2875,,,,,,,https://www.libasi.nl/spelden-en-sieraden/2875-765-broche-ronde-bloem-1.html#,,,
,,None,,,,,,,,,Home > Spelden en Sieraden,,EUR,,,,,,,,,,,,,"https://static.itijara.eu/1648-medium_default/veiligheidsspelden-10-stuks.jpg,https://static.itijara.eu/10137-medium_default/veiligheidsspelden-10-stuks.jpg,https://static.itijara.eu/1648-large_default/veiligheidsspelden-10-stuks.jpg,https://static.itijara.eu/10137-large_default/veiligheidsspelden-10-stuks.jpg",,,,,Veiligheidsspelden - 10 stuks,,,1,,None,0.75,,None,886,,,,,,,https://www.libasi.nl/spelden-en-sieraden/886-veiligheidsspelden-10-stuks.html,,,
,,Kleur,"Zwart, Wit",,,,,,,,Home > Spelden en Sieraden,,EUR,,,,,,,,,,,,,"https://static.itijara.eu/1650-medium_default/hoofddoek-speld-steentjes.jpg,https://static.itijara.eu/1649-medium_default/hoofddoek-speld-steentjes.jpg,https://static.itijara.eu/1650-large_default/hoofddoek-speld-steentjes.jpg,https://static.itijara.eu/1649-large_default/hoofddoek-speld-steentjes.jpg",,,,,Hoofddoek Speld Steentjes,,,1,,None,1.5,,None,177,,,,,,,https://www.libasi.nl/spelden-en-sieraden/887-555-hoofddoek-speld-steentjes.html#/177-kleur-wit,,,
,,None,,,,,,,,,Home > Spelden en Sieraden,,EUR,,,,,,,,,,,,,"https://static.itijara.eu/5806-medium_default/ketting-liefde-arabisch.jpg,https://static.itijara.eu/5807-medium_default/ketting-liefde-arabisch.jpg,https://static.itijara.eu/5808-medium_default/ketting-liefde-arabisch.jpg,https://static.itijara.eu/5806-large_default/ketting-liefde-arabisch.jpg,https://static.itijara.eu/5807-large_default/ketting-liefde-arabisch.jpg,https://static.itijara.eu/5808-large_default/ketting-liefde-arabisch.jpg",,,,,Ketting Liefde Arabisch,,,1,,None,9.95,,None,3291,,,,,,,https://www.libasi.nl/spelden-en-sieraden/3291-ketting-liefde-arabisch.html,,,
,,None,,,,,,,,,Home > Spelden en Sieraden,,EUR,,,,,,,,,,,,,"https://static.itijara.eu/6855-medium_default/ketting-islamitische-gezin.jpg,https://static.itijara.eu/6856-medium_default/ketting-islamitische-gezin.jpg,https://static.itijara.eu/6857-medium_default/ketting-islamitische-gezin.jpg,https://static.itijara.eu/6855-large_default/ketting-islamitische-gezin.jpg,https://static.itijara.eu/6856-large_default/ketting-islamitische-gezin.jpg,https://static.itijara.eu/6857-large_default/ketting-islamitische-gezin.jpg",,,,,Ketting - Islamitische Gezin,,,1,,None,12.5,,Mooie Ketting voor kinderen met een islamitische gezin afgebeeld.,3968,,,,,,,https://www.libasi.nl/spelden-en-sieraden/3968-ketting-islamitische-gezin.html,,,
